pid,role,iso2,name,af_ids
0,player,gh,Jordan Ayew,3428
1,player,dz,Aïssa Mandi,1567
2,player,qa,Karim Boudiaf,2537
3,player,dz,Riyad Mahrez,635
4,player,sn,Kalidou Koulibaly,318
5,player,tn,Ellyes Skhiri,21587
6,player,ht,Johny Placide,87789
7,player,ht,Duckens Nazon,45020
8,player,cd,Cédric Bakambu,3033
9,player,tn,Montassar Talbi,50030
10,player,dz,Nabil Bentaleb,409
11,player,cd,Samuel Moutoussamy,21101
12,player,sn,Édouard Mendy,2986
13,player,ci,Nicolas Pépé,3246
14,player,tn,Dylan Bronn,2945
15,player,es,Aymeric Laporte,622
16,player,tn,Hannibal Mejbri,180560
17,player,cd,Arthur Masuaku,18816
18,player,sn,Pape Gueye,20696
19,player,sn,Iliman Ndiaye,18592
20,player,cv,Willy Semedo,113580
21,player,cd,Yoane Wissa,20649
22,player,ci,Yahia Fofana,64190
23,player,ci,Seko Fofana,30807
24,player,sn,Moussa Niakhaté,25916
25,player,dz,Farès Chaïbi,276670
26,player,cd,Gaël Kakuta,47545
27,player,tn,Elias Achouri,42012
28,player,dz,Rayan Aït-Nouri,21138
29,player,cd,Lionel Mpasi,24012
30,player,ci,Evan Ndicka,1807
31,player,cv,Logan Costa,21997
32,player,cd,Gédéon Kalulu,24245
33,player,dz,Amine Gouiri,85041
34,player,tn,Yan Valery,18942
35,player,dz,Houssem Aouar,658
36,player,ht,Martin Expérience,190747
37,player,ci,Evann Guessand,137303
38,player,ci,Guéla Doué,161747
39,player,cv,Steven Moreira,22139
40,player,gh,Elisha Owusu,21010
41,player,cd,Nathanaël Mbuku,129670
42,player,dz,Jaouen Hadjam,271539
43,player,ht,Jean-Kévin Duverne,20655
44,player,tn,Ismaël Gharbi,310196
45,player,ht,Alexandre Pierre,174768
46,player,ma,Neil El Aynaoui,277003
47,player,ht,Ruben Providence,162733
48,player,dz,Anis Hadj Moussa,326067
49,player,cd,Simon Banza,20674
50,player,cd,Dylan Batubinsika,8445
51,player,sn,Ibrahim Mbaye,446249
52,player,ht,Jean-Ricner Bellegarde,20665
53,player,sn,Mamadou Sarr,276184
54,player,ht,Josué Casimir,174915
55,player,sn,Antoine Mendy,313937
56,player,dz,Luca Zidane,732
57,player,sn,Mory Diaw,119853
58,player,dz,Samir Chergui,20869
59,player,ht,Wilson Isidor,84087
60,player,ht,Yassin Fortuné,48535
61,player,ma,Issa Diop,18814
62,player,ma,Samir El Mourabet,415431
63,player,ma,Gessime Yassine,369544
64,player,eg,Haissem Hassan,20844
65,player,cd,Steve Kapuadi,199767
66,player,ma,Ayyoub Bouaddi,438688
67,player,ma,Redouane Halhal,326183
68,player,ht,Lenny Joseph,21613
69,player,ht,Dominique Simon,194242
70,player,ci,Elye Wahi,162707
71,player,sn,Yehvann Diouf,20566
72,player,dz,Melvin Mastil,304229
73,player,gh,Marvin Senaya,191240
74,player,ci,Ange-Yoan Bonny,275651
75,player,dz,Farès Ghedjemis,334915
76,coach,ht,Sébastien Migné,373
77,coach,ci,Emerse Faé,28719
78,coach,tn,Hervé Renard,344
79,coach,be,Rudi Garcia,2551
80,coach,cd,Sébastien Desabre,370
81,player,ma,Sofyan Amrabat,74
82,player,cw,Leandro Bacuna,18997
83,player,cw,Eloy Room,221
84,player,cv,Garry Rodrigues,44612
85,player,cw,Juriën Gaari,36857
86,player,cv,Jamiro Monteiro,50745
87,player,dz,Ramiz Zerrouki,129047
88,player,tr,Orkun Kökçü,37155
89,player,cw,Juninho Bacuna,19047
90,player,ma,Noussair Mazraoui,545
91,player,us,Sergiño Dest,38735
92,player,cw,Kenji Gorré,41627
93,player,cw,Brandley Kuwas,37272
94,player,cv,Deroy Duarte,37435
95,player,tr,Ferdi Kadıoğlu,1361
96,player,cw,Gervane Kastaneer,38708
97,player,cw,Roshon van Eijma,37066
98,player,cw,Sherel Floranus,36970
99,player,cw,Godfried Roemeratoe,36842
100,player,cw,Jeremy Antonisse,163220
101,player,nz,Nando Pijnaker,94344
102,player,cw,Jearl Margaritha,195067
103,player,cv,Dailon Livramento,343287
104,player,cw,Livano Comenencia,309763
105,player,cv,Laros Duarte,37436
106,player,cw,Kevin Felida,37461
107,player,cw,Joshua Brenet,706
108,player,cw,Jürgen Locadia,18981
109,player,tr,Oğuz Aydın,134590
110,player,cv,Sidny Lopes Cabral,308689
111,player,ma,Anass Salah-Eddine,162451
112,player,cw,Ar'jany Martha,162199
113,player,cw,Shurandy Sambo,194645
114,player,cw,Trevor Doornbusch,36967
115,player,cw,Tyrese Noslin,406846
116,player,cw,Sontje Hansen,161884
117,player,cw,Armando Obispo,228
118,player,tn,Omar Rekik,163068
119,player,cw,Riechedly Bazoer,37175
120,player,cw,Tyrick Bodak,214129
121,player,cw,Deveron Fonville,353808
122,player,gh,Derrick Luckassen,25341
123,coach,cw,Dick Advocaat,3104
124,player,tr,Hakan Çalhanoğlu,1640
125,player,hr,Mario Pašalić,2763
126,player,tr,Kaan Ayhan,25448
127,player,ba,Sead Kolašinac,1442
128,player,ba,Ermedin Demirović,46930
129,player,iq,Merchas Doski,271444
130,player,hr,Josip Stanišić,125171
131,player,tr,Salih Özcan,24807
132,player,us,Malik Tillman,162037
133,player,sn,Ismail Jakobs,158121
134,player,tr,Kenan Yıldız,339883
135,player,iq,Youssef Amyn,282065
136,player,ec,John Yeboah,25414
137,player,ba,Dženis Burnić,25129
138,player,hr,Marin Pongračić,1084
139,player,dz,Ibrahim Maza,380587
140,player,tn,Elias Saad,323974
141,player,hr,Marco Pašalić,260865
142,player,ba,Kerim Alajbegović,395559
143,player,hr,Igor Matanović,202696
144,player,kr,Jens Castrop,280358
145,player,tr,Can Uzun,339887
146,player,jo,Ali Azaizeh,575283
147,player,tn,Rani Khedira,25300
148,player,ir,Dennis Eckert,37892
149,coach,sa,Georgios Donis,1106
150,coach,at,Ralf Rangnick,3085
151,coach,gb-eng,Thomas Tuchel,40
152,player,gb-sct,Scott McTominay,903
153,player,nz,Tommy Smith,51307
154,player,us,Antonee Robinson,19549
155,player,no,Erling Haaland,1100
156,player,gb-sct,Ché Adams,19524
157,player,us,Giovanni Reyna,161921
158,player,gh,Antoine Semenyo,19281
159,player,iq,Zidane Iqbal,284295
160,player,fr,Michael Olise,19617
161,player,cd,Aaron Tshibola,44791
162,player,ca,Luc de Fougerolles,327738
163,player,us,Sebastian Berhalter,201713
164,player,cd,Aaron Wan-Bissaka,18846
165,player,gh,Jerome Opoku,137223
166,player,gb-sct,George Hirst,8794
167,player,no,Thelo Aasgaard,277930
168,player,gh,Brandon Thomas-Asante,82090
169,player,gb-sct,Tyler Fletcher,557460
170,player,ch,Marvin Keller,123468
171,player,ca,Owen Goodman,284554
172,coach,se,Graham Potter,12
173,coach,nz,Darren Bazeley,
174,player,ma,Achraf Hakimi,9
175,player,ma,Munir Mohamedi,2702
176,player,ma,Ismael Saibari,161897
177,player,ma,Brahim Díaz,744
178,player,gh,Iñaki Williams,47294
179,player,ar,Nico Paz,350037
180,player,uy,Rodrigo Zalazar,108563
181,player,ma,Chadi Riad,278898
182,player,mx,Álvaro Fidalgo,750
183,player,ec,Jeremy Arévalo,350799
184,player,ma,Ayoube Amaimouni,535046
185,coach,qa,Julen Lopetegui,1594
186,coach,pt,Roberto Martínez,48
187,player,cd,Théo Bongonda,8627
188,player,ma,Bilal El Khannouss,340573
189,player,cd,Joris Kayembe,21098
190,player,cd,Noah Sadiki,365331
191,player,qa,Edmilson Junior,42075
192,player,cd,Ngal'ayel Mukau,375598
193,player,dz,Rafik Belghali,303362
194,player,au,Paul Okon-Engstler,441269
195,player,ma,Chemsdine Talbi,336659
196,player,ma,Zakaria El Ouahdi,283252
197,player,cd,Matthieu Epolo,314509
198,coach,za,Hugo Broos,2883
199,coach,ma,Mohamed Ouahbi,28221
200,player,uy,Fernando Muslera,429
201,player,mx,Santiago Giménez,94562
202,player,ec,Hernán Galíndez,16380
203,player,py,Andrés Cubas,6236
204,player,py,Kaku,2514
205,player,py,Juan José Cáceres,195992
206,coach,py,Gustavo Alfaro,861
207,coach,us,Mauricio Pochettino,28250
208,coach,ec,Sebastián Beccacece,856
209,coach,uy,Marcelo Bielsa,105
210,coach,co,Néstor Lorenzo,14213
211,player,ca,Jonathan David,8489
212,player,ht,Derrick Etienne Jr.,50958
213,player,jp,Zion Suzuki,199578
214,player,jo,Mo Abualnadi,102538
215,player,ba,Esmir Bajraktarević,329409
216,player,ht,Duke Lacroix,102505
217,player,mx,Brian Gutiérrez,212233
218,player,mx,Obed Vargas,313383
219,player,uy,Juan Manuel Sanabria,162891
220,player,cv,CJ dos Santos,163200
221,coach,ca,Jesse Marsch,28218
222,player,iq,Amir Al-Ammari,47792
223,player,ba,Dennis Hadžikadunić,53517
224,player,ba,Benjamin Tahirović,264094
225,player,iq,Hussein Ali,145465
226,player,ba,Armin Gigović,70514
227,player,iq,Kevin Yakob,48025
228,player,tr,Deniz Gül,388570
229,player,tn,Moutaz Neffati,375608
230,player,iq,Ahmed Qasem,229112
231,player,gb-eng,Declan Rice,2937
232,player,nz,Joe Bell,94541
233,player,gb-sct,Lewis Ferguson,44814
234,player,gb-eng,Reece James,19545
235,player,gb-sct,Angus Gunn,18933
236,player,gb-eng,Morgan Rogers,19170
237,player,gb-eng,Dean Henderson,19088
238,player,ca,Alfie Jones,18938
239,player,fr,Marcus Thuram,21509
240,player,au,Alessandro Circati,348568
241,player,ar,Giuliano Simeone,323935
242,coach,br,Carlo Ancelotti,2407
243,coach,tr,Vincenzo Montella,2549
244,coach,uz,Fabio Cannavaro,53
245,player,hr,Mateo Kovačić,2291
246,player,tr,Mert Müldür,1719
247,player,ba,Amar Dedić,7318
248,player,hr,Luka Sučić,7332
249,player,ba,Ermin Mahmić,340173
250,player,pt,Diogo Costa,369
251,player,cd,Charles Pickel,48555
252,player,ba,Haris Tabaković,28382
253,player,cd,Timothy Fayulu,48501
254,player,ht,Keeto Thermoncy,573613
255,player,hr,Ante Budimir,46746
256,player,hr,Josip Šutalo,14701
257,player,hr,Petar Sučić,348205
258,coach,dz,Vladimir Petković,28220
259,coach,hr,Zlatko Dalić,115
260,player,tn,Anis Ben Slimane,199310
261,player,ba,Amir Hadžiahmetović,50006
262,player,iq,Frans Putros,15769
263,coach,pa,Thomas Christiansen,1552
264,player,qa,Pedro Miguel,2530
265,player,cv,Hélio Varela,291024
266,player,cv,Telmo Arcanjo,265556
267,player,cv,Wagner Pina,332056
268,player,ma,Yassine Bounou,2701
269,player,ht,Garven Metusala,318930
270,player,ht,Josué Duverger,123742
271,player,tn,Rayan Elloumi,566059
272,player,qa,Lucas Mendes,42288
273,player,pt,Matheus Nunes,41621
274,player,py,Maurício,106485
275,player,gb-sct,Lyndon Dykes,45307
276,player,nz,Lachlan Bayliss,405957
277,coach,iq,Graham Arnold,356
278,player,au,Harry Souttar,20079
279,player,au,Cameron Burgess,20457
280,player,nz,Callan Elliot,6932
281,player,ba,Tarik Muharemović,271350
282,player,ba,Arjan Malić,409670
283,player,au,Miloš Degenek,2742
284,player,ba,Ivan Bašić,162222
285,player,ca,Ismaël Koné,328046
286,player,gb-eng,Marc Guéhi,67971
287,player,qa,Mohammed Muntari,42089
288,player,ca,Alphonso Davies,509
289,player,be,Amadou Onana,162714
290,player,qa,Issa Laye,366516
291,player,qa,Almoez Ali,2543
292,player,qa,Assim Madibo,2535
293,player,ch,Breel Embolo,421
294,player,ch,Yvon Mvogo,1142
295,player,tn,Sebastian Tounekti,57518
296,player,iq,Marko Farji,265448
297,player,mx,Julián Quiñones,35532
298,player,ba,Samed Baždar,314377
299,player,ca,Tani Oluwaseyi,351587
300,player,qa,Ahmed Alaaeldin,2542
301,player,qa,Yusuf Abdurisag,542541
302,player,qa,Boualem Khoukhi,2532
303,player,qa,Mohamed Manai,283174
304,player,gb-sct,Kieran Tierney,1117
305,player,au,Mohamed Touré,198352
306,player,au,Awer Mabil,2755
307,player,au,Nestory Irankunda,338014
308,player,py,Gastón Olveira,51733
309,player,us,Alejandro Zendejas,35885
310,player,de,Waldemar Anton,25368
311,player,ci,Alban Lafont,30393
312,player,nl,Guus Til,36905
313,player,tn,Adem Arous,393977
314,player,cv,Pico,69260
315,player,fr,Brice Samba,21628
316,player,jo,Mohammad Abu Hashish,542710
317,player,uz,Utkir Yusupov,73534
318,player,gb-eng,Trevoh Chalobah,19720
319,coach,jo,Jamal Sellami,6606
320,coach,gh,Carlos Queiroz,324
321,player,cz,Tomáš Souček,1243
322,player,cz,Vladimír Darida,25348
323,player,cz,Vladimír Coufal,1231
324,player,cz,Patrik Schick,794
325,player,cz,Adam Hložek,66019
326,player,cz,Tomáš Holeš,2252
327,player,cz,Lukáš Provod,66353
328,player,cz,Michal Sadílek,241
329,player,cz,Jan Kuchta,66340
330,player,cz,Ladislav Krejčí,66407
331,player,cz,David Zima,128772
332,player,cz,Jaroslav Zelený,1237
333,player,cz,Mojmír Chytil,66275
334,player,cz,Tomáš Chorý,818
335,player,cz,Pavel Šulc,66387
336,player,cz,Matěj Kovář,138804
337,player,cz,David Jurásek,128793
338,player,cz,Lukáš Červ,162194
339,player,cz,David Douděra,66214
340,player,cz,Robin Hranáč,162964
341,player,cz,Jindřich Staněk,66347
342,player,cz,Štěpán Chaloupek,337740
343,player,cz,Alexandr Sojka,386837
344,player,cz,Denis Višinský,290212
345,player,cz,Lukáš Horníček,269349
346,player,cz,Hugo Sochůrek,555437
347,coach,cz,Miroslav Koubek,28720
348,player,mx,Guillermo Ochoa,2098
349,player,mx,Raúl Jiménez,2887
350,player,mx,Jesús Gallardo,2881
351,player,mx,Edson Álvarez,2869
352,player,mx,Orbelín Pineda,35576
353,player,mx,César Montes,2873
354,player,mx,Roberto Alvarado,2879
355,player,mx,Luis Romo,35970
356,player,mx,Jorge Sánchez,2878
357,player,mx,Alexis Vega,2889
358,player,mx,Johan Vásquez,35544
359,player,mx,Luis Chávez,35690
360,player,mx,Israel Reyes,127227
361,player,mx,César Huerta,36111
362,player,mx,Érik Lira,266345
363,player,mx,Raúl Rangel,270774
364,player,mx,Guillermo Martínez,36088
365,player,mx,Mateo Chávez,390002
366,player,mx,Gilberto Mora,482605
367,player,mx,Carlos Acevedo,35769
368,player,mx,Armando González,291713
369,coach,mx,Javier Aguirre,27707
370,player,za,Ronwen Williams,3275
371,player,za,Themba Zwane,3289
372,player,za,Teboho Mokoena,3287
373,player,za,Aubrey Modiba,46334
374,player,za,Khuliso Mudau,46601
375,player,za,Sphephelo Sithole,158433
376,player,za,Lyle Foster,98936
377,player,za,Oswin Appollis,179893
378,player,za,Evidence Makgopa,201354
379,player,za,Nkosinathi Sibisi,46458
380,player,za,Thalente Mbatha,194430
381,player,za,Iqraam Rayners,127429
382,player,za,Relebohile Mofokeng,414149
383,player,za,Tshepang Moremi,295977
384,player,za,Thapelo Maseko,354831
385,player,za,Mbekezeli Mbokazi,510799
386,player,za,Ime Okon,406752
387,player,za,Samukele Kabini,430078
388,player,za,Khulumani Ndamane,474630
389,player,za,Ricardo Goss,46245
390,player,za,Jayden Adams,268710
391,player,za,Sipho Chaine,46417
392,player,za,Thabang Matuludi,330174
393,player,za,Kamogelo Sebelebele,359561
394,player,za,Olwethu Makhanya,392387
395,player,za,Bradley Cross,163041
396,player,kr,Son Heung-min,186
397,player,kr,Lee Jae-sung,2906
398,player,kr,Kim Seung-gyu,2892
399,player,kr,Kim Min-jae,2897
400,player,kr,Hwang Hee-chan,24888
401,player,kr,Hwang In-beom,2901
402,player,kr,Jo Hyeon-woo,2890
403,player,kr,Lee Kang-in,927
404,player,kr,Cho Gue-sung,34211
405,player,kr,Kim Moon-hwan,2912
406,player,kr,Seol Young-woo,197985
407,player,kr,Paik Seung-ho,2909
408,player,kr,Oh Hyeon-gyu,34710
409,player,kr,Kim Jin-gyu,34168
410,player,kr,Lee Dong-gyeong,34431
411,player,kr,Lee Tae-seok,237220
412,player,kr,Park Jin-seob,99211
413,player,kr,Bae Jun-ho,357286
414,player,kr,Yang Hyun-jun,304958
415,player,kr,Eom Ji-sung,237050
416,player,kr,Lee Han-beom,237218
417,player,kr,Kim Tae-hyeon,34418
418,player,kr,Lee Gi-hyuk,304951
419,player,kr,Song Bum-keun,34374
420,player,kr,Cho Wi-je,547307
421,coach,kr,Hong Myung-bo,10461
422,player,ba,Edin Džeko,790
423,player,ba,Nikola Vasilj,9026
424,player,ba,Nikola Katić,1741
425,player,ba,Amar Memić,322101
426,player,ba,Nihad Mujakić,76867
427,player,ba,Ivan Šunjić,1324
428,player,ba,Stjepan Radeljić,14301
429,player,ba,Martin Zlomislić,108370
430,player,ba,Jovo Lukić,77037
431,player,ba,Mladen Jurkas,446130
432,coach,ba,Sergej Barbarez,22538
433,player,ca,Cyle Larin,2001
434,player,ca,Jonathan Osorio,50817
435,player,ca,Richie Laryea,50816
436,player,ca,Tajon Buchanan,51016
437,player,ca,Alistair Johnston,78547
438,player,ca,Stephen Eustáquio,35570
439,player,ca,Derek Cornelius,51295
440,player,ca,Liam Millar,44798
441,player,ca,Maxime Crépeau,51274
442,player,ca,Jacob Shaffelburg,50826
443,player,ca,Ali Ahmed,362145
444,player,ca,Mathieu Choinière,50788
445,player,ca,Dayne St. Clair,51148
446,player,ca,Moïse Bombito,407017
447,player,ca,Niko Sigur,416901
448,player,ca,Joel Waterman,78494
449,player,ca,Nathan Saliba,294824
450,player,ca,Jayden Nelson,193279
451,player,ca,Promise David,313353
452,player,qa,Hassan Al-Haydos,2545
453,player,qa,Akram Afif,2544
454,player,qa,Abdulaziz Hatem,2533
455,player,qa,Homam Ahmed,175439
456,player,qa,Meshaal Barsham,42021
457,player,qa,Ahmed Fathy,2539
458,player,qa,Jassem Gaber,200981
459,player,qa,Sultan Al-Brake,42060
460,player,qa,Ahmed Al-Ganehi,42286
461,player,qa,Salah Zakaria,136503
462,player,qa,Al-Hashmi Al-Hussain,542542
463,player,qa,Mahmud Abunada,42207
464,player,qa,Ayoub Al-Oui,377930
465,player,qa,Tahsin Jamshid,423737
466,player,ch,Granit Xhaka,1464
467,player,ch,Ricardo Rodriguez,1631
468,player,ch,Remo Freuler,2807
469,player,ch,Manuel Akanji,5
470,player,ch,Nico Elvedi,2803
471,player,ch,Denis Zakaria,2810
472,player,ch,Rubén Vargas,48471
473,player,ch,Silvan Widmer,48378
474,player,ch,Djibril Sow,957
475,player,ch,Michel Aebischer,951
476,player,ch,Dan Ndoye,48648
477,player,ch,Zeki Amdouni,123469
478,player,ch,Fabian Rieder,163032
479,player,ch,Noah Okafor,48389
480,player,ch,Christian Fassnacht,952
481,player,ch,Eray Cömert,48372
482,player,ch,Gregor Kobel,25282
483,player,ch,Cedric Itten,48497
484,player,ch,Johan Manzambi,406244
485,player,ch,Miro Muheim,48489
486,player,ch,Ardon Jashari,264705
487,player,ch,Aurèle Amenda,162414
488,player,ch,Luca Jaquez,349344
489,coach,ch,Murat Yakin,1504
490,player,br,Neymar,276
491,player,br,Marquinhos,257
492,player,br,Casemiro,747
493,player,br,Alisson,280
494,player,br,Danilo Luiz,618
495,player,br,Lucas Paquetá,1646
496,player,br,Vinícius Júnior,762
497,player,br,Alex Sandro,860
498,player,br,Bruno Guimarães,10135
499,player,br,Raphinha,1496
500,player,br,Fabinho,299
501,player,br,Ederson Moraes,617
502,player,br,Matheus Cunha,1165
503,player,br,Gabriel Martinelli,127769
504,player,br,Gabriel Magalhães,22224
505,player,br,Endrick,377122
506,player,br,Luiz Henrique,265785
507,player,br,Weverton,2410
508,player,br,Bremer,30497
509,player,br,Douglas Santos,24866
510,player,br,Roger Ibañez,30424
511,player,br,Léo Pereira,10124
512,player,br,Danilo Santos,275170
513,player,br,Igor Thiago,196156
514,player,br,Éderson Silva,10097
515,player,br,Rayan,407806
516,player,ht,Ricardo Adé,12303
517,player,ht,Carlens Arcus,20850
518,player,ht,Frantzdy Pierrot,8601
519,player,ht,Louicius Deedson,128766
520,player,ht,Danley Jean Jacques,338367
521,player,ht,Carl Sainté,540857
522,player,ht,Wilguens Paugain,275367
523,player,ht,Hannes Delcroix,1411
524,player,ht,Woodensky Pierre,371050
525,player,ma,Ayoub El Kaabi,2722
526,player,ma,Azzedine Ounahi,129678
527,player,ma,Soufiane Rahimi,36579
528,player,ma,Youssef Belammari,146772
529,player,ma,Marwane Saâdane,50042
530,player,ma,Ahmed Reda Tagnaouti,2703
531,player,ma,Amine Sbaï,191289
532,player,gb-sct,Andy Robertson,289
533,player,gb-sct,John McGinn,19191
534,player,gb-sct,Craig Gordon,1106
535,player,gb-sct,Grant Hanley,19066
536,player,gb-sct,Ryan Christie,1125
537,player,gb-sct,Kenny McLean,19077
538,player,gb-sct,Scott McKenna,44811
539,player,gb-sct,Jack Hendry,1111
540,player,gb-sct,Anthony Ralston,1115
541,player,gb-sct,Nathan Patterson,138417
542,player,gb-sct,John Souttar,44865
543,player,gb-sct,Aaron Hickey,44871
544,player,gb-sct,Lawrence Shankland,45175
545,player,gb-sct,Ben Gannon-Doak,343576
546,player,gb-sct,Dominic Hyam,19987
547,player,gb-sct,Liam Kelly,44937
548,player,gb-sct,Ross Stewart,45078
549,player,gb-sct,Findlay Curtis,433272
550,coach,gb-sct,Steve Clarke,76
551,player,au,Mathew Ryan,2741
552,player,au,Aziz Behich,225
553,player,au,Jackson Irvine,2749
554,player,au,Mathew Leckie,2751
555,player,au,Ajdin Hrustic,38123
556,player,au,Connor Metcalfe,6904
557,player,au,Aiden O'Neill,7050
558,player,au,Jordan Bos,337587
559,player,au,Jason Geria,33847
560,player,au,Nishan Velupillay,312459
561,player,au,Kai Trewin,153622
562,player,au,Jacob Italiano,6808
563,player,au,Cammy Devlin,6832
564,player,au,Paul Izzo,6870
565,player,au,Lucas Herrington,426480
566,player,au,Patrick Beach,353883
567,player,au,Cristian Volpato,342035
568,player,au,Tete Yengi,296645
569,coach,au,Tony Popovic,151
570,player,py,Gustavo Gómez,2502
571,player,py,Miguel Almirón,2507
572,player,py,Júnior Alonso,2499
573,player,py,Fabián Balbuena,2500
574,player,py,Antonio Sanabria,2522
575,player,py,Omar Alderete,6168
576,player,py,Julio Enciso,70747
577,player,py,Gatito Fernández,535737
578,player,py,Ramón Sosa,196298
579,player,py,Diego Gómez,278370
580,player,py,Gabriel Ávalos,6483
581,player,py,Damián Bobadilla,195107
582,player,py,Braian Ojeda,70767
583,player,py,Álex Arce,95460
584,player,py,Matías Galarza,305832
585,player,py,Gustavo Velázquez,35808
586,player,py,Orlando Gill,70852
587,player,py,Isidro Pitta,70670
588,player,py,José Canale,70732
589,player,py,Gustavo Caballero,119128
590,player,py,Alexandro Maidana,425020
591,player,tr,Merih Demiral,30521
592,player,tr,Zeki Çelik,22222
593,player,tr,Çağlar Söyüncü,18776
594,player,tr,Kerem Aktürkoğlu,142959
595,player,tr,İrfan Can Kahveci,49857
596,player,tr,Uğurcan Çakır,49866
597,player,tr,Mert Günok,49837
598,player,tr,Barış Alper Yılmaz,63274
599,player,tr,İsmail Yüksek,214463
600,player,tr,Ozan Kabak,26300
601,player,tr,Arda Güler,291964
602,player,tr,Abdülkerim Bardakcı,61837
603,player,tr,Eren Elmalı,50057
604,player,tr,Yunus Akgün,454
605,player,tr,Samet Akaydin,62490
606,player,tr,Altay Bayındır,50132
607,player,us,Christian Pulisic,17
608,player,us,Tim Ream,19023
609,player,us,Weston McKennie,415
610,player,us,Brenden Aaronson,50739
611,player,us,Matt Turner,50999
612,player,us,Tyler Adams,1150
613,player,us,Timothy Weah,1138
614,player,us,Cristian Roldan,51114
615,player,us,Miles Robinson,50879
616,player,us,Ricardo Pepi,73868
617,player,us,Chris Richards,126949
618,player,us,Mark McKenzie,50735
619,player,us,Folarin Balogun,138835
620,player,us,Joe Scally,50852
621,player,us,Max Arfsten,362400
622,player,us,Haji Wright,427
623,player,us,Alex Freeman,355994
624,player,us,Matt Freese,50728
625,player,us,Auston Trusty,50737
626,player,us,Chris Brady,266606
627,player,cw,Tahith Chong,906
628,player,ec,Enner Valencia,35533
629,player,ec,Moisés Caicedo,116117
630,player,ec,Alan Franco,16360
631,player,ec,Ángelo Preciado,2583
632,player,ec,Pervis Estupiñán,46731
633,player,ec,Piero Hincapié,127817
634,player,ec,Gonzalo Plata,16369
635,player,ec,Félix Torres,63964
636,player,ec,Willian Pacho,16367
637,player,ec,Kevin Rodríguez,361966
638,player,ec,Kendry Páez,406303
639,player,ec,Alan Minda,280695
640,player,ec,Jordy Caicedo,16590
641,player,ec,Joel Ordóñez,354027
642,player,ec,Pedro Vite,237078
643,player,ec,Nilson Angulo,311543
644,player,ec,Jordy Alcívar,16470
645,player,ec,Jackson Porozo,2575
646,player,ec,Moisés Ramírez,81224
647,player,ec,Yaimar Medina,306940
648,player,ec,Denil Castillo,338045
649,player,ec,Gonzalo Valle,16642
650,player,ec,Anthony Valencia,198347
651,player,de,Manuel Neuer,497
652,player,de,Joshua Kimmich,502
653,player,de,Antonio Rüdiger,2285
654,player,de,Leroy Sané,644
655,player,de,Leon Goretzka,511
656,player,de,Kai Havertz,978
657,player,de,Jonathan Tah,972
658,player,de,Jamal Musiala,181812
659,player,de,Florian Wirtz,203224
660,player,de,David Raum,25158
661,player,de,Nico Schlotterbeck,26243
662,player,de,Pascal Groß,18970
663,player,de,Oliver Baumann,702
664,player,de,Aleksandar Pavlović,328033
665,player,de,Nick Woltemade,158054
666,player,de,Nadiem Amiri,714
667,player,de,Maximilian Beier,158644
668,player,de,Deniz Undav,26475
669,player,de,Angelo Stiller,137210
670,player,de,Felix Nmecha,637
671,player,de,Jamie Leweling,128533
672,player,de,Nathaniel Brown,280074
673,player,de,Malick Thiaw,163189
674,player,de,Alexander Nübel,399
675,player,de,Assan Ouédraogo,380978
676,coach,de,Julian Nagelsmann,1545
677,player,ci,Franck Kessié,1642
678,player,ci,Jean Michaël Seri,3243
679,player,ci,Ibrahim Sangaré,22149
680,player,ci,Ghislain Konan,22002
681,player,ci,Odilon Kossounou,48119
682,player,ci,Wilfried Singo,30504
683,player,ci,Oumar Diakité,334429
684,player,ci,Simon Adingra,301771
685,player,ci,Emmanuel Agbadou,135068
686,player,ci,Amad Diallo,157997
687,player,ci,Ousmane Diomande,354753
688,player,ci,Christopher Opéri,20836
689,player,ci,Yan Diomande,513776
690,player,ci,Christ Inao Oulaï,474591
691,player,ci,Bazoumana Touré,387643
692,player,ci,Parfait Guiagon,263228
693,player,ci,Mohamed Koné,277046
694,player,jp,Yūto Nagatomo,440
695,player,jp,Junya Itō,1942
696,player,jp,Ritsu Dōan,2598
697,player,jp,Takefusa Kubo,32862
698,player,jp,Daichi Kamada,2601
699,player,jp,Takehiro Tomiyasu,2597
700,player,jp,Kō Itakura,38114
701,player,jp,Ayase Ueda,72155
702,player,jp,Shōgo Taniguchi,32954
703,player,jp,Ao Tanaka,32966
704,player,jp,Daizen Maeda,33224
705,player,jp,Keito Nakamura,33321
706,player,jp,Hiroki Itō,32893
707,player,jp,Yukinari Sugawara,32887
708,player,jp,Kōki Ogawa,33289
709,player,jp,Shūto Machino,106851
710,player,jp,Ayumu Seko,33165
711,player,jp,Kaishū Sano,33889
712,player,jp,Keisuke Ōsako,33034
713,player,jp,Tsuyoshi Watanabe,32858
714,player,jp,Yuito Suzuki,199143
715,player,jp,Junnosuke Suzuki,351014
716,player,jp,Keisuke Gotō,375930
717,player,jp,Tomoki Hayakawa,304782
718,player,jp,Kento Shiogai,422572
719,coach,jp,Hajime Moriyasu,323
720,player,nl,Memphis Depay,667
721,player,nl,Virgil van Dijk,290
722,player,nl,Denzel Dumfries,226
723,player,nl,Frenkie de Jong,538
724,player,nl,Nathan Aké,18861
725,player,nl,Donyell Malen,249
726,player,nl,Wout Weghorst,25416
727,player,nl,Cody Gakpo,247
728,player,nl,Marten de Roon,30432
729,player,nl,Tijjani Reijnders,36902
730,player,nl,Bart Verbruggen,129058
731,player,nl,Teun Koopmeiners,36899
732,player,nl,Ryan Gravenberch,542
733,player,nl,Lutsharel Geertruida,37143
734,player,nl,Micky van de Ven,152849
735,player,nl,Mats Wieffer,92993
736,player,nl,Noa Lang,544
737,player,nl,Jan Paul van Hecke,38695
738,player,nl,Justin Kluivert,792
739,player,nl,Brian Brobbey,38750
740,player,nl,Mark Flekken,26232
741,player,nl,Quinten Timber,38747
742,player,nl,Jorrel Hato,341642
743,player,nl,Crysencio Summerville,37724
744,player,nl,Robin Roefs,194536
745,coach,nl,Ronald Koeman,73
746,player,se,Victor Lindelöf,889
747,player,se,Alexander Isak,2864
748,player,se,Mattias Svanberg,30484
749,player,se,Ken Sema,2860
750,player,se,Viktor Gyökeres,18979
751,player,se,Anthony Elanga,153430
752,player,se,Isak Hien,137976
753,player,se,Jesper Karlström,48047
754,player,se,Gabriel Gudmundsson,47969
755,player,se,Yasin Ayari,265820
756,player,se,Kristoffer Nordfeldt,2851
757,player,se,Carl Starfelt,47988
758,player,se,Daniel Svensson,198654
759,player,se,Hjalmar Ekdal,47903
760,player,se,Viktor Johansson,158700
761,player,se,Gustaf Lagerbielke,137721
762,player,se,Benjamin Nygren,48002
763,player,se,Alexander Bernhardsson,47696
764,player,se,Lucas Bergvall,347316
765,player,se,Gustaf Nilsson,15683
766,player,se,Besfort Zeneli,350850
767,player,se,Jacob Widell Zetterström,48033
768,player,se,Herman Johansson,161504
769,player,se,Eric Smith,8486
770,player,se,Taha Ali,160925
771,player,se,Elliot Stroud,226765
772,player,tn,Ali Abdi,49583
773,player,tn,Aymen Dahmen,49424
774,player,tn,Firas Chaouat,2962
775,player,tn,Hazem Mastouri,344862
776,player,tn,Mortadha Ben Ouanes,49469
777,player,tn,Mohamed Amine Ben Hamida,135059
778,player,tn,Hadj Mahmoud,67195
779,player,tn,Khalil Ayari,533295
780,player,tn,Mouhib Chamakh,533394
781,player,tn,Sabri Ben Hessen,49423
782,player,tn,Raed Chikhaoui,533360
783,player,be,Axel Witsel,20
784,player,be,Romelu Lukaku,907
785,player,be,Kevin De Bruyne,629
786,player,be,Thibaut Courtois,730
787,player,be,Youri Tielemans,2926
788,player,be,Thomas Meunier,264
789,player,be,Timothy Castagne,2920
790,player,be,Leandro Trossard,1946
791,player,be,Jérémy Doku,1422
792,player,be,Hans Vanaken,78
793,player,be,Arthur Theate,204043
794,player,be,Dodi Lukébakio,25458
795,player,be,Charles De Ketelaere,147859
796,player,be,Zeno Debast,
797,player,be,Alexis Saelemaekers,1417
798,player,be,Maxim De Cuyper,162007
799,player,be,Nicolas Raskin,2120
800,player,be,Brandon Mechele,69
801,player,be,Koni De Winter,162141
802,player,be,Joaquin Seys,375974
803,player,be,Nathan Ngoy,312964
804,player,be,Diego Moreira,335056
805,player,be,Senne Lammens,162511
806,player,be,Matias Fernandez-Pardo,340077
807,player,be,Mike Penders,340151
808,player,eg,Mohamed Salah,306
809,player,eg,Trézéguet,2664
810,player,eg,Mohamed El Shenawy,16797
811,player,eg,Hamdy Fathy,16813
812,player,eg,Zizo,16871
813,player,eg,Omar Marmoush,81573
814,player,eg,Ramy Rabia,16805
815,player,eg,Mohamed Hany,2654
816,player,eg,Ahmed Fatouh,2649
817,player,eg,Mohamed Abdelmonem,196343
818,player,eg,Marwan Attia,190575
819,player,eg,Emam Ashour,17269
820,player,eg,Ibrahim Adel,70535
821,player,eg,Mohanad Lasheen,16841
822,player,eg,Yasser Ibrahim,16804
823,player,eg,Mahmoud Saber,69196
824,player,eg,Hossam Abdelmaguid,269621
825,player,eg,Nabil Emad,2660
826,player,eg,Karim Hafez,2656
827,player,eg,Mostafa Shobeir,269174
828,player,eg,Tarek Alaa,550371
829,player,eg,Hamza Abdelkarim,550547
830,player,eg,Mostafa Ziko,395075
831,player,eg,El Mahdy Soliman,16831
832,player,eg,Mohamed Alaa,550469
833,coach,eg,Hossam Hassan,19341
834,player,ir,Ehsan Hajsafi,2685
835,player,ir,Mehdi Taremi,42315
836,player,ir,Alireza Jahanbakhsh,2700
837,player,ir,Alireza Beiranvand,2682
838,player,ir,Saeid Ezatolahi,19614
839,player,ir,Milad Mohammadi,2688
840,player,ir,Ramin Rezaeian,2691
841,player,ir,Saman Ghoddos,2699
842,player,ir,Hossein Kanaanizadegan,2687
843,player,ir,Shojae Khalilzadeh,29704
844,player,ir,Mahdi Torabi,2697
845,player,ir,Rouzbeh Cheshmi,2683
846,player,ir,Mohammad Mohebi,134217
847,player,ir,Mehdi Ghayedi,29781
848,player,ir,Shahriyar Moghanlou,89982
849,player,ir,Saleh Hardani,136880
850,player,ir,Amirhossein Hosseinzadeh,29937
851,player,ir,Ali Nemati,533035
852,player,ir,Mohammad Ghorbani,341844
853,player,ir,Payam Niazmand,2681
854,player,ir,Ali Alipour,29720
855,player,ir,Arya Yousefi,343405
856,player,ir,Hossein Hosseini,29755
857,player,ir,Amirmohammad Razzaghinia,423753
858,player,ir,Danial Eiri,665473
859,coach,ir,Amir Ghalenoei,2703
860,player,nz,Chris Wood,18931
861,player,nz,Kosta Barbarouses,6865
862,player,nz,Michael Boxall,51149
863,player,nz,Tim Payne,94346
864,player,nz,Elijah Just,94333
865,player,nz,Marko Stamenić,179862
866,player,nz,Liberato Cacace,6931
867,player,nz,Callum McCowatt,94322
868,player,nz,Ben Waine,6938
869,player,nz,Sarpreet Singh,6935
870,player,nz,Alex Rufer,6934
871,player,nz,Tyler Bindon,430835
872,player,nz,Ryan Thomas,242
873,player,nz,Max Crocombe,18110
874,player,nz,Ben Old,179856
875,player,nz,Francis de Vries,94405
876,player,nz,Finn Surman,210165
877,player,nz,Logan Rogerson,26161
878,player,nz,Jesse Randall,158688
879,player,nz,Alex Paulsen,94360
880,player,nz,Michael Woud,36777
881,player,cv,Ryan Mendes,50270
882,player,cv,Vozinha,15304
883,player,cv,Stopira,2331
884,player,cv,João Paulo,142016
885,player,cv,Diney,41608
886,player,cv,Kevin Pina,96512
887,player,cv,Jovane Cabral,1494
888,player,cv,Gilson Benchimol,309182
889,player,cv,Márcio Rosa,41764
890,player,cv,Yannick Semedo,128007
891,player,cv,Nuno da Costa,22265
892,player,cv,Kelvin Pires,268806
893,coach,cv,Bubista,28722
894,player,sa,Salem Al-Dawsari,44340
895,player,sa,Mohamed Kanno,44349
896,player,sa,Firas Al-Buraikan,44324
897,player,sa,Mohammed Al-Owais,44411
898,player,sa,Saleh Al-Shehri,44551
899,player,sa,Saud Abdulhamid,44594
900,player,sa,Hassan Al-Tambakti,44362
901,player,sa,Abdullah Al-Hamdan,44382
902,player,sa,Nasser Al-Dawsari,44339
903,player,sa,Abdulelah Al-Amri,44475
904,player,sa,Abdullah Al-Khaibari,44315
905,player,sa,Musab Al-Juwayr,306380
906,player,sa,Nawaf Boushal,134995
907,player,sa,Ayman Yahya,147812
908,player,sa,Nawaf Al-Aqidi,193288
909,player,sa,Ali Lajami,44507
910,player,sa,Ali Majrashi,44367
911,player,sa,Hassan Kadesh,44335
912,player,sa,Moteb Al-Harbi,202381
913,player,sa,Ziyad Al-Johani,269172
914,player,sa,Ahmed Al-Kassar,44449
915,player,sa,Jehad Thakri,543059
916,player,sa,Mohammed Abu Al-Shamat,403087
917,player,sa,Khalid Al-Ghannam,44701
918,player,sa,Sultan Mandash,2639
919,player,sa,Alaa Al-Hejji,593759
920,player,es,Rodri,44
921,player,es,Unai Simón,47270
922,player,es,Ferran Torres,931
923,player,es,Mikel Oyarzabal,47323
924,player,es,Dani Olmo,1323
925,player,es,Mikel Merino,47311
926,player,es,Fabián Ruiz,328
927,player,es,Pedri,133609
928,player,es,Gavi,296667
929,player,es,Nico Williams,183799
930,player,es,Martín Zubimendi,47315
931,player,es,Lamine Yamal,386828
932,player,es,Marcos Llorente,753
933,player,es,Marc Cucurella,47380
934,player,es,Yéremy Pino,184226
935,player,es,Eric García,619
936,player,es,Pedro Porro,47519
937,player,es,Álex Baena,182219
938,player,es,Álex Grimaldo,563
939,player,es,David Raya,19465
940,player,es,Pau Cubarsí,396623
941,player,es,Borja Iglesias,47348
942,player,es,Marc Pubill,295793
943,player,es,Joan Garcia,182718
944,player,es,Víctor Muñoz,338751
945,coach,es,Luis de la Fuente,5832
946,player,uy,José María Giménez,31
947,player,uy,Rodrigo Bentancur,863
948,player,uy,Federico Valverde,756
949,player,uy,Giorgian de Arrascaeta,2612
950,player,uy,Matías Viña,51572
951,player,uy,Facundo Pellistri,70078
952,player,uy,Darwin Núñez,51617
953,player,uy,Manuel Ugarte,51494
954,player,uy,Sergio Rochet,50077
955,player,uy,Mathías Olivera,47254
956,player,uy,Nicolás de la Cruz,5995
957,player,uy,Brian Rodríguez,51618
958,player,uy,Guillermo Varela,1290
959,player,uy,Maximiliano Araújo,51776
960,player,uy,Ronald Araújo,101814
961,player,uy,Sebastián Cáceres,51535
962,player,uy,Joaquín Piquerez,51466
963,player,uy,Agustín Canobbio,51603
964,player,uy,Federico Viñas,51530
965,player,uy,Emiliano Martínez,153083
966,player,uy,Rodrigo Aguirre,16482
967,player,uy,Santiago Mele,61895
968,player,uy,Santiago Bueno,135334
969,player,fr,Kylian Mbappé,278
970,player,fr,N'Golo Kanté,2290
971,player,fr,Ousmane Dembélé,153
972,player,fr,Adrien Rabiot,272
973,player,fr,Lucas Digne,2724
974,player,fr,Jules Koundé,1257
975,player,fr,Aurélien Tchouaméni,1271
976,player,fr,Théo Hernandez,47300
977,player,fr,Lucas Hernandez,33
978,player,fr,Mike Maignan,22221
979,player,fr,Dayot Upamecano,1149
980,player,fr,William Saliba,22090
981,player,fr,Ibrahima Konaté,1145
982,player,fr,Bradley Barcola,161904
983,player,fr,Manu Koné,22147
984,player,fr,Malo Gusto,161907
985,player,fr,Warren Zaïre-Emery,336657
986,player,fr,Maghnes Akliouche,274300
987,player,fr,Désiré Doué,343027
988,player,fr,Rayan Cherki,156477
989,player,fr,Jean-Philippe Mateta,25927
990,player,fr,Maxence Lacroix,20995
991,player,fr,Robin Risser,347211
992,coach,fr,Didier Deschamps,180
993,player,iq,Jalal Hassan,53886
994,player,iq,Aymen Hussein,49451
995,player,iq,Ibrahim Bayesh,140747
996,player,iq,Mohanad Ali,53894
997,player,iq,Rebin Sulaka,42261
998,player,iq,Ali Jasim,542644
999,player,iq,Manaf Younis,295394
1000,player,iq,Zaid Tahseen,296373
1001,player,iq,Fahad Talib,123802
1002,player,iq,Ali Al-Hamadi,299813
1003,player,iq,Mustafa Saadoon,427187
1004,player,iq,Ahmed Basil,197933
1005,player,iq,Akam Hashim,453073
1006,player,iq,Ali Yousif,163854
1007,player,iq,Ahmed Maknzi,292253;665478
1008,player,iq,Aimar Sher,48129
1009,player,iq,Zaid Ismail,626479
1010,player,no,Alexander Sørloth,8492
1011,player,no,Ørjan Nyland,19172
1012,player,no,Martin Ødegaard,37127
1013,player,no,Sander Berge,1934
1014,player,no,Kristoffer Ajer,1119
1015,player,no,Patrick Berg,39064
1016,player,no,Julian Ryerson,24845
1017,player,no,Leo Østigård,18967
1018,player,no,Kristian Thorstvedt,39143
1019,player,no,Marcus Holmgren Pedersen,39362
1020,player,no,Morten Thorsby,36980
1021,player,no,Jørgen Strand Larsen,2032
1022,player,no,Antonio Nusa,314511
1023,player,no,David Møller Wolfe,265782
1024,player,no,Fredrik Aursnes,39043
1025,player,no,Fredrik André Bjørkan,39058
1026,player,no,Oscar Bobb,278133
1027,player,no,Torbjørn Heggem,39254
1028,player,no,Jens Petter Hauge,39073
1029,player,no,Andreas Schjelderup,301528
1030,player,no,Egil Selvik,39082
1031,player,no,Sondre Langås,265444
1032,player,no,Henrik Falchener,180937
1033,player,no,Sander Tangvik,264378
1034,coach,no,Ståle Solbakken,1675
1035,player,sn,Idrissa Gueye,2990
1036,player,sn,Sadio Mané,304
1037,player,sn,Ismaïla Sarr,2218
1038,player,sn,Krépin Diatta,81
1039,player,sn,Pape Matar Sarr,237129
1040,player,sn,Lamine Camara,374058
1041,player,sn,Nicolas Jackson,283058
1042,player,sn,Pathé Ciss,41552
1043,player,sn,Bamba Dieng,284072
1044,player,sn,Abdoulaye Seck,8450
1045,player,sn,Habib Diarra,327631
1046,player,sn,El Hadji Malick Diouf,409303
1047,player,sn,Cherif Ndiaye,14379
1048,player,sn,Assane Diao,400948
1049,player,sn,Bara Sapoko Ndiaye,630895
1050,coach,sn,Pape Thiaw,17636
1051,player,dz,Ramy Bensebaini,2194
1052,player,dz,Mohamed Amoura,200139
1053,player,dz,Hicham Boudaoui,4399
1054,player,dz,Mohamed Amine Tougai,4569
1055,player,dz,Zineddine Belaïd,4561
1056,player,dz,Adil Boulbina,329163
1057,player,dz,Achref Abada,342740
1058,player,dz,Oussama Benbot,4414
1059,player,dz,Yacine Titraoui,327599
1060,player,dz,Nadhir Benbouali,292924
1061,player,ar,Lionel Messi,154
1062,player,ar,Nicolás Otamendi,624
1063,player,ar,Rodrigo De Paul,2472
1064,player,ar,Leandro Paredes,271
1065,player,ar,Lautaro Martínez,217
1066,player,ar,Nicolás Tagliafico,529
1067,player,ar,Giovani Lo Celso,1578
1068,player,ar,Emiliano Martínez,19599
1069,player,ar,Nahuel Molina,6503
1070,player,ar,Julián Alvarez,6009
1071,player,ar,Cristian Romero,30776
1072,player,ar,Nicolás González,26315
1073,player,ar,Alexis Mac Allister,6716
1074,player,ar,Enzo Fernández,5996
1075,player,ar,Exequiel Palacios,6002
1076,player,ar,Gonzalo Montiel,2468
1077,player,ar,Lisandro Martínez,2467
1078,player,ar,Thiago Almada,6067
1079,player,ar,Facundo Medina,6231
1080,player,ar,Gerónimo Rulli,47296
1081,player,ar,José Manuel López,295513
1082,player,ar,Juan Musso,2465
1083,player,ar,Valentín Barco,319572
1084,player,ar,Marcos Senesi,6610
1085,coach,ar,Lionel Scaloni,326
1086,player,at,Marko Arnautović,18830
1087,player,at,David Alaba,505
1088,player,at,Marcel Sabitzer,1159
1089,player,at,Michael Gregoritsch,25297
1090,player,at,Florian Grillitsch,719
1091,player,at,Konrad Laimer,1157
1092,player,at,Stefan Posch,711
1093,player,at,Xaver Schlager,1095
1094,player,at,Nicolas Seiwald,7328
1095,player,at,Philipp Lienhart,26240
1096,player,at,Alessandro Schöpf,417
1097,player,at,Romano Schmid,7562
1098,player,at,Kevin Danso,25287
1099,player,at,Phillipp Mwene,25915
1100,player,at,Patrick Wimmer,126642
1101,player,at,Alexander Schlager,7525
1102,player,at,Saša Kalajdžić,7722
1103,player,at,Alexander Prass,7327
1104,player,at,Patrick Pentz,7598
1105,player,at,Marco Friedl,25314
1106,player,at,Dejan Ljubičić,1725
1107,player,at,Michael Svoboda,7090
1108,player,at,Carney Chukwuemeka,138935
1109,player,at,Paul Wanner,327895
1110,player,at,David Affengruber,126640
1111,player,at,Florian Wiegele,221605
1112,player,jo,Musa Al-Taamari,15286
1113,player,jo,Ihsan Haddad,53902
1114,player,jo,Mahmoud Al-Mardi,123530
1115,player,jo,Yazan Al-Arab,53900
1116,player,jo,Yazeed Abulaila,140607
1117,player,jo,Rajaei Ayed,104242
1118,player,jo,Noor Al-Rawabdeh,140609
1119,player,jo,Ali Olwan,164026
1120,player,jo,Abdallah Nasib,310835
1121,player,jo,Ibrahim Sadeh,542768
1122,player,jo,Nizar Al-Rashdan,213980
1123,player,jo,Mohammad Abu Zrayq,72142
1124,player,jo,Mohannad Abu Taha,310785
1125,player,jo,Saed Al-Rosan,213978
1126,player,jo,Amer Jamous,198211
1127,player,jo,Husam Abu Dahab,542822
1128,player,jo,Mohammad Al-Dawoud,651096
1129,player,jo,Salim Obaid,72140
1130,player,jo,Abdallah Al-Fakhouri,163884
1131,player,jo,Odeh Al-Fakhouri,568556
1132,player,jo,Nour Bani Attiah,163908
1133,player,jo,Mohammad Taha,601853
1134,player,jo,Anas Badawi,664028
1135,player,co,David Ospina,313
1136,player,co,James Rodríguez,517
1137,player,co,Davinson Sánchez,168
1138,player,co,Luis Díaz,2489
1139,player,co,Santiago Arias,30
1140,player,co,Jefferson Lerma,2490
1141,player,co,Yerry Mina,2484
1142,player,co,Juan Fernando Quintero,6005
1143,player,co,Daniel Muñoz,13736
1144,player,co,Johan Mojica,64268
1145,player,co,Camilo Vargas,2482
1146,player,co,Jhon Arias,13708
1147,player,co,Jhon Lucumí,1929
1148,player,co,Richard Ríos,195104
1149,player,co,Kevin Castaño,289592
1150,player,co,Jorge Carrascal,5994
1151,player,co,Jhon Córdoba,24810
1152,player,co,Deiver Machado,2483
1153,player,co,Álvaro Montero,2481
1154,player,co,Luis Suárez,47237
1155,player,co,Juan Portilla,13151
1156,player,co,Jaminton Campaz,13376
1157,player,co,Cucho Hernández,47582
1158,player,co,Andrés Gómez,345748
1159,player,co,Gustavo Puerta,324034
1160,player,co,Willer Ditta,13571
1161,player,cd,Chancel Mbemba,375
1162,player,cd,Meschak Elia,3034
1163,player,cd,Edo Kayembe,1424
1164,player,cd,Fiston Mayele,179699
1165,player,cd,Axel Tuanzebe,19182
1166,player,cd,Brian Cipenga,279482
1167,player,pt,Cristiano Ronaldo,874
1168,player,pt,Bernardo Silva,636
1169,player,pt,Bruno Fernandes,1485
1170,player,pt,Rúben Dias,567
1171,player,pt,João Cancelo,855
1172,player,pt,Rúben Neves,2676
1173,player,pt,João Félix,583
1174,player,pt,Nélson Semedo,130
1175,player,pt,Rafael Leão,22236
1176,player,pt,Nuno Mendes,263482
1177,player,pt,Vitinha,128384
1178,player,pt,Diogo Dalot,886
1179,player,pt,Gonçalo Guedes,925
1180,player,pt,Gonçalo Ramos,41585
1181,player,pt,Pedro Neto,1864
1182,player,pt,Gonçalo Inácio,265595
1183,player,pt,João Neves,335051
1184,player,pt,Francisco Trincão,41112
1185,player,pt,Francisco Conceição,161585
1186,player,pt,Renato Veiga,336671
1187,player,pt,Samú Costa,190485
1188,player,pt,Tomás Araújo,161939
1189,player,pt,José Sá,1590
1190,player,pt,Rui Silva,46672
1191,player,uz,Eldor Shomurodov,53535
1192,player,uz,Otabek Shukurov,50272
1193,player,uz,Igor Sergeev,72128
1194,player,uz,Odiljon Hamrobekov,53835
1195,player,uz,Rustam Ashurmatov,34121
1196,player,uz,Farrukh Sayfiev,532759
1197,player,uz,Oston Urunov,72127
1198,player,uz,Khojiakbar Alijonov,72122
1199,player,uz,Jamshid Iskanderov,65576
1200,player,uz,Dostonbek Khamdamov,53834
1201,player,uz,Abbosbek Fayzullaev,263676
1202,player,uz,Sherzod Nasrullaev,73514
1203,player,uz,Umar Eshmurodov,73510
1204,player,uz,Abdukodir Khusanov,360114
1205,player,uz,Akmal Mozgovoy,73522
1206,player,uz,Azizjon Ganiev,73520
1207,player,uz,Abdulla Abdullaev,73418
1208,player,uz,Azizbek Amonov,65584
1209,player,uz,Abduvohid Nematov,73507
1210,player,uz,Ruslanbek Jiyanov,312231
1211,player,uz,Jakhongir Urozov,358427
1212,player,uz,Botirali Ergashev,72120
1213,player,uz,Bekhruz Karimov,416964
1214,player,uz,Sherzod Esanov,363723
1215,player,uz,Avazbek Ulmasaliev,65571
1216,player,hr,Luka Modrić,754
1217,player,hr,Ivan Perišić,207
1218,player,hr,Andrej Kramarić,726
1219,player,hr,Dominik Livaković,1305
1220,player,hr,Nikola Vlašić,842
1221,player,hr,Joško Gvardiol,129033
1222,player,hr,Duje Ćaleta-Car,1902
1223,player,hr,Martin Baturina,295026
1224,player,hr,Kristijan Jakić,14395
1225,player,hr,Martin Erlić,30827
1226,player,hr,Petar Musa,66055
1227,player,hr,Nikola Moro,1322
1228,player,hr,Toni Fruk,284869
1229,player,hr,Luka Vušković,387521
1230,player,hr,Dominik Kotarski,524
1231,player,hr,Ivor Pandur,14268
1232,player,gb-eng,Harry Kane,184
1233,player,gb-eng,Jordan Henderson,292
1234,player,gb-eng,John Stones,626
1235,player,gb-eng,Jordan Pickford,2932
1236,player,gb-eng,Marcus Rashford,909
1237,player,gb-eng,Bukayo Saka,1460
1238,player,gb-eng,Jude Bellingham,129718
1239,player,gb-eng,Ollie Watkins,19366
1240,player,gb-eng,Ezri Konsa,19354
1241,player,gb-eng,Anthony Gordon,138787
1242,player,gb-eng,Eberechi Eze,19586
1243,player,gb-eng,Kobbie Mainoo,284322
1244,player,gb-eng,Noni Madueke,136723
1245,player,gb-eng,Elliot Anderson,138908
1246,player,gb-eng,Dan Burn,18961
1247,player,gb-eng,Ivan Toney,19974
1248,player,gb-eng,Djed Spence,19235
1249,player,gb-eng,Nico O'Reilly,307123
1250,player,gb-eng,Jarell Quansah,158698
1251,player,gb-eng,James Trafford,162489
1252,player,gh,Thomas Partey,49
1253,player,gh,Abdul Rahman Baba,21996
1254,player,gh,Gideon Mensah,7578
1255,player,gh,Lawrence Ati-Zigi,3412
1256,player,gh,Abdul Fatawu,303467
1257,player,gh,Kamaldeen Sulemana,199837
1258,player,gh,Alidu Seidu,196187
1259,player,gh,Ernest Nuamah,350856
1260,player,gh,Caleb Yirenkyi,475575
1261,player,gh,Benjamin Asare,559233
1262,player,gh,Jonas Adjetey,369425
1263,player,gh,Christopher Bonsu Baah,411800
1264,player,gh,Kwasi Sibo,3608
1265,player,gh,Abdul Mumin,15900
1266,player,gh,Prince Kwabena Adu,410016
1267,player,gh,Kojo Peprah Oppong,404172
1268,player,gh,Joseph Anang,144709
1269,player,gh,Augustine Boakye,337426
1270,player,pa,Aníbal Godoy,2977
1271,player,pa,Alberto Quintero,2978
1272,player,pa,Eric Davis,2970
1273,player,pa,Yoel Bárcenas,46855
1274,player,pa,Fidel Escobar,2971
1275,player,pa,Michael Amir Murillo,2973
1276,player,pa,Adalberto Carrasquilla,57807
1277,player,pa,José Luis Rodríguez,2979
1278,player,pa,José Fajardo,2983
1279,player,pa,Cristian Martínez,554208
1280,player,pa,Ismael Díaz,96615
1281,player,pa,Luis Mejía,2967
1282,player,pa,César Yanis,57875
1283,player,pa,Cecilio Waterman,51648
1284,player,pa,Andrés Andrade,7197
1285,player,pa,Roderick Miller,81659
1286,player,pa,Orlando Mosquera,2968
1287,player,pa,César Blackman,2975
1288,player,pa,José Córdoba,57739
1289,player,pa,Carlos Harvey,71230
1290,player,pa,Jiovany Ramos,57667
1291,player,pa,Edgardo Fariña,328148
1292,player,pa,Jorge Gutiérrez,57803
1293,player,pa,Tomás Rodríguez,57910
1294,player,pa,Azarias Londoño,292396
1295,player,pa,César Samudio,57861
