nation,nation_code,pos,player,birth_date,birth_city,birth_country,caps,club
Czech Republic,,1 GK,Matěj Kovář,17 May 2000,Uherské Hradiště,Czech Republic,20,PSV Eindhoven
Czech Republic,,2 DF,David Zima,8 November 2000,Olomouc,Czech Republic,25,Slavia Prague
Czech Republic,,2 DF,Tomáš Holeš,31 March 1993,Polička,Czech Republic,41,Slavia Prague
Czech Republic,,2 DF,Robin Hranáč,29 January 2000,Plzeň,Czech Republic,14,TSG Hoffenheim
Czech Republic,,2 DF,Vladimír Coufal,22 August 1992,Prague,Czech Republic,62,TSG Hoffenheim
Czech Republic,,2 DF,Štěpán Chaloupek,8 March 2003,Meziboří,Czech Republic,5,Slavia Prague
Czech Republic,,2 DF,Ladislav Krejčí,20 April 1999,Rosice,Czech Republic,27,Wolverhampton Wanderers
Czech Republic,,3 MF,Vladimír Darida,8 August 1990,Plzeň,Czech Republic,79,Hradec Králové
Czech Republic,,4 FW,Adam Hložek,25 July 2002,Ivančice,Czech Republic,43,TSG Hoffenheim
Czech Republic,,4 FW,Patrik Schick,24 January 1996,Prague,Czech Republic,53,Bayer Leverkusen
Czech Republic,,4 FW,Jan Kuchta,8 January 1997,Liberec,Czech Republic,31,Sparta Prague
Czech Republic,,3 MF,Lukáš Červ,10 April 2001,Prague,Czech Republic,17,Viktoria Plzeň
Czech Republic,,4 FW,Mojmír Chytil,29 April 1999,Skalka,Czech Republic,22,Slavia Prague
Czech Republic,,2 DF,David Jurásek,7 August 2000,Dolní Němčí,Czech Republic,18,Slavia Prague
Czech Republic,,4 FW,Pavel Šulc,29 December 2000,Karlovy Vary,Czech Republic,21,Lyon
Czech Republic,,1 GK,Jindřich Staněk,27 April 1996,Strakonice,Czech Republic,14,Slavia Prague
Czech Republic,,3 MF,Lukáš Provod,23 October 1996,Plzeň,Czech Republic,38,Slavia Prague
Czech Republic,,3 MF,Michal Sadílek,31 May 1999,Uherské Hradiště,Czech Republic,35,Slavia Prague
Czech Republic,,4 FW,Tomáš Chorý,26 January 1995,Olomouc,Czech Republic,22,Slavia Prague
Czech Republic,,2 DF,Jaroslav Zelený,20 August 1992,Hradec Králové,Czech Republic,23,Sparta Prague
Czech Republic,,2 DF,David Douděra,31 May 1998,Brandýs nad Labem-Stará Boleslav,Czech Republic,17,Slavia Prague
Czech Republic,,3 MF,Tomáš Souček,27 February 1995,Havlíčkův Brod,Czech Republic,90,West Ham United
Czech Republic,,1 GK,Lukáš Horníček,13 July 2002,Vysoké Mýto,Czech Republic,1,Braga
Czech Republic,,3 MF,Alexandr Sojka,2 April 2003,Klatovy,Czech Republic,2,Viktoria Plzeň
Czech Republic,,3 MF,Hugo Sochůrek,7 June 2008,Tábor,Czech Republic,1,Sparta Prague
Czech Republic,,4 FW,Denis Višinský,21 March 2003,Mělník,Czech Republic,2,Viktoria Plzeň
Mexico,,1 GK,Raúl Rangel,25 February 2000,Zapotlán el Grande Municipality,Mexico,14,Guadalajara
Mexico,,2 DF,Jorge Sánchez,10 December 1997,Torreón,Mexico,59,PAOK
Mexico,,2 DF,César Montes,24 February 1997,Hermosillo,Mexico,67,Lokomotiv Moscow
Mexico,,2 DF,Edson Álvarez,24 October 1997,Tlalnepantla de Baz Municipality,Mexico,98,Fenerbahçe
Mexico,,2 DF,Johan Vásquez,22 October 1998,Navojoa,Mexico,46,Genoa
Mexico,,3 MF,Érik Lira,8 May 2000,Cuauhtémoc,Mexico,25,Cruz Azul
Mexico,,3 MF,Luis Romo,5 June 1995,Ahome Municipality,Mexico,63,Guadalajara
Mexico,,3 MF,Álvaro Fidalgo,9 April 1997,Oviedo,Spain,4,Real Betis
Mexico,,4 FW,Raúl Jiménez,5 May 1991,Tepeji del Río de Ocampo Municipality,Mexico,124,Fulham
Mexico,,4 FW,Alexis Vega,25 November 1997,Cuauhtémoc,Mexico,52,Toluca
Mexico,,4 FW,Santiago Giménez,18 April 2001,Buenos Aires,Argentina,47,Milan
Mexico,,1 GK,Carlos Acevedo,19 April 1996,Torreón,Mexico,7,Santos Laguna
Mexico,,1 GK,Guillermo Ochoa,13 July 1985,Guadalajara,Mexico,152,AEL Limassol
Mexico,,4 FW,Armando González,20 April 2003,Celaya,Mexico,7,Guadalajara
Mexico,,2 DF,Israel Reyes,23 May 2000,Autlán de Navarro Municipality,Mexico,34,América
Mexico,,4 FW,Julián Quiñones,24 March 1997,Magüí Payán,Colombia,22,Al-Qadsiah
Mexico,,3 MF,Orbelín Pineda,24 March 1996,Coyuca de Catalán Municipality,Mexico,92,AEK Athens
Mexico,,3 MF,Obed Vargas,5 August 2005,Anchorage,United States,6,Atlético Madrid
Mexico,,3 MF,Gilberto Mora,14 October 2008,Tuxtla Gutiérrez,Mexico,8,Tijuana
Mexico,,2 DF,Mateo Chávez,12 May 2004,Monterrey,Mexico,10,AZ
Mexico,,4 FW,César Huerta,3 December 2000,Guadalajara,Mexico,26,Anderlecht
Mexico,,4 FW,Guillermo Martínez,15 March 1995,Celaya,Mexico,12,Pumas UNAM
Mexico,,2 DF,Jesús Gallardo,15 August 1994,Heroica Cárdenas,Mexico,121,Toluca
Mexico,,3 MF,Luis Chávez,15 January 1996,Cihuatlán,Mexico,45,Dynamo Moscow
Mexico,,4 FW,Roberto Alvarado,7 September 1998,Salamanca,Mexico,67,Guadalajara
Mexico,,3 MF,Brian Gutiérrez,17 June 2003,Berwyn,United States,7,Guadalajara
South Africa,,1 GK,Ronwen Williams,21 January 1992,Gqeberha,South Africa,62,Mamelodi Sundowns
South Africa,,2 DF,Thabang Matuludi,14 January 1999,Dennilton,South Africa,3,Polokwane City
South Africa,,2 DF,Khulumani Ndamane,5 February 2004,Ladysmith,South Africa,5,Mamelodi Sundowns
South Africa,,3 MF,Teboho Mokoena,24 January 1997,Bethlehem,South Africa,51,Mamelodi Sundowns
South Africa,,3 MF,Thalente Mbatha,6 March 2000,KwaMashu,South Africa,15,Orlando Pirates
South Africa,,2 DF,Aubrey Modiba,22 July 1995,Polokwane,South Africa,44,Mamelodi Sundowns
South Africa,,4 FW,Oswin Appollis,25 August 2001,Bishop Lavis,South Africa,26,Orlando Pirates
South Africa,,4 FW,Tshepang Moremi,2 October 2000,Sharpeville,South Africa,10,Orlando Pirates
South Africa,,4 FW,Lyle Foster,3 September 2000,Soweto,South Africa,27,Burnley
South Africa,,4 FW,Relebohile Mofokeng,23 October 2004,Sharpeville,South Africa,13,Orlando Pirates
South Africa,,3 MF,Themba Zwane,3 August 1989,Thembisa,South Africa,54,Mamelodi Sundowns
South Africa,,4 FW,Thapelo Maseko,11 November 2003,Sebokeng,South Africa,10,AEL Limassol
South Africa,,3 MF,Sphephelo Sithole,3 March 1999,Durban,South Africa,28,Tondela
South Africa,,2 DF,Mbekezeli Mbokazi,19 September 2005,Hluhluwe,South Africa,10,Chicago Fire FC
South Africa,,4 FW,Iqraam Rayners,19 December 1995,Cape Town,South Africa,14,Mamelodi Sundowns
South Africa,,1 GK,Sipho Chaine,14 December 1996,Bloemfontein,South Africa,4,Orlando Pirates
South Africa,,4 FW,Evidence Makgopa,5 June 2000,Fetakgomo Local Municipality,South Africa,26,Orlando Pirates
South Africa,,2 DF,Samukele Kabini,15 March 2004,,South Africa,6,Molde
South Africa,,2 DF,Nkosinathi Sibisi,22 September 1995,Durban,South Africa,20,Orlando Pirates
South Africa,,2 DF,Khuliso Mudau,26 April 1995,Musina,South Africa,32,Mamelodi Sundowns
South Africa,,2 DF,Ime Okon,20 February 2004,,South Africa,8,Hannover 96
South Africa,,1 GK,Ricardo Goss,2 April 1994,Durban,South Africa,5,Siwelele
South Africa,,3 MF,Jayden Adams,5 May 2001,Cape Town,South Africa,5,Mamelodi Sundowns
South Africa,,2 DF,Olwethu Makhanya,30 April 2004,Durban,South Africa,1,Philadelphia Union
South Africa,,4 FW,Kamogelo Sebelebele,21 July 2002,Thembisa,South Africa,3,Orlando Pirates
South Africa,,2 DF,Bradley Cross,30 January 2001,Kempton Park,South Africa,1,Kaizer Chiefs
South Korea,,1 GK,Kim Seung-gyu,30 September 1990,Ulsan,South Korea,87,FC Tokyo
South Korea,,2 DF,Lee Han-beom,17 June 2002,Daegu,South Korea,8,Midtjylland
South Korea,,3 MF,Lee Gi-hyuk,7 July 2000,Seoul,South Korea,3,Gangwon FC
South Korea,,2 DF,Kim Min-jae,15 November 1996,Tongyeong,South Korea,79,Bayern Munich
South Korea,,2 DF,Kim Tae-hyeon,17 September 2000,Gimpo,South Korea,7,Kashima Antlers
South Korea,,3 MF,Hwang In-beom,20 September 1996,Daejeon,South Korea,73,Feyenoord
South Korea,,4 FW,Son Heung-min,8 July 1992,Chuncheon,South Korea,144,Los Angeles FC
South Korea,,3 MF,Paik Seung-ho,17 March 1997,Suwon,South Korea,27,Birmingham City
South Korea,,4 FW,Cho Gue-sung,25 January 1998,Ansan,South Korea,44,Midtjylland
South Korea,,3 MF,Lee Jae-sung,10 August 1992,Ulsan,South Korea,105,Mainz 05
South Korea,,3 MF,Hwang Hee-chan,26 January 1996,Chuncheon,South Korea,79,Wolverhampton Wanderers
South Korea,,1 GK,Song Bum-keun,15 October 1997,Seongnam,South Korea,3,Jeonbuk Hyundai Motors
South Korea,,2 DF,Lee Tae-seok,28 July 2002,Incheon,South Korea,15,Austria Wien
South Korea,,2 DF,Cho Wi-je,25 August 2001,Busan,South Korea,1,Jeonbuk Hyundai Motors
South Korea,,2 DF,Kim Moon-hwan,1 August 1995,Hwaseong,South Korea,35,Daejeon Hana Citizen
South Korea,,2 DF,Park Jin-seob,23 October 1995,Jeonju,South Korea,14,Zhejiang
South Korea,,3 MF,Bae Jun-ho,21 August 2003,Daegu,South Korea,13,Stoke City
South Korea,,4 FW,Oh Hyeon-gyu,12 April 2001,Namyangju,South Korea,27,Beşiktaş
South Korea,,3 MF,Lee Kang-in,19 February 2001,Incheon,South Korea,47,Paris Saint-Germain
South Korea,,3 MF,Yang Hyun-jun,25 May 2002,Busan,South Korea,9,Celtic
South Korea,,1 GK,Jo Hyeon-woo,25 September 1991,Seoul,South Korea,48,Ulsan HD
South Korea,,2 DF,Seol Young-woo,5 December 1998,Ulsan,South Korea,34,Red Star Belgrade
South Korea,,2 DF,Jens Castrop,29 July 2003,Düsseldorf,Germany,7,Borussia Mönchengladbach
South Korea,,3 MF,Kim Jin-gyu,24 February 1997,Pohang,South Korea,22,Jeonbuk Hyundai Motors
South Korea,,3 MF,Eom Ji-sung,9 May 2002,Gimje,South Korea,9,Swansea City
South Korea,,3 MF,Lee Dong-gyeong,20 September 1997,Daegu,South Korea,18,Ulsan HD
Bosnia and Herzegovina,,1 GK,Nikola Vasilj,2 December 1995,Mostar,Bosnia and Herzegovina,26,FC St. Pauli
Bosnia and Herzegovina,,2 DF,Nihad Mujakić,15 April 1998,Sarajevo,Bosnia and Herzegovina,12,Gaziantep
Bosnia and Herzegovina,,2 DF,Dennis Hadžikadunić,9 July 1998,Malmö,Sweden,32,Sampdoria
Bosnia and Herzegovina,,2 DF,Tarik Muharemović,28 February 2003,Ljubljana,Slovenia,14,Sassuolo
Bosnia and Herzegovina,,2 DF,Sead Kolašinac,20 June 1993,Karlsruhe,Germany,65,Atalanta
Bosnia and Herzegovina,,3 MF,Benjamin Tahirović,3 March 2003,Spånga-Tensta city district,Sweden,28,Brøndby
Bosnia and Herzegovina,,2 DF,Amar Dedić,18 August 2002,Zell am See,Austria,28,Benfica
Bosnia and Herzegovina,,3 MF,Armin Gigović,6 April 2002,Lund,Sweden,20,Young Boys
Bosnia and Herzegovina,,4 FW,Samed Baždar,31 January 2004,Novi Pazar,Serbia,13,Jagiellonia Białystok
Bosnia and Herzegovina,,4 FW,Ermedin Demirović,25 March 1998,Hamburg,Germany,40,VfB Stuttgart
Bosnia and Herzegovina,,4 FW,Edin Džeko,17 March 1986,Sarajevo,Bosnia and Herzegovina,148,Schalke 04
Bosnia and Herzegovina,,1 GK,Mladen Jurkas,7 October 2007,Doboj,Bosnia and Herzegovina,0,Borac Banja Luka
Bosnia and Herzegovina,,3 MF,Ivan Bašić,30 April 2002,Imotski,Croatia,17,Astana
Bosnia and Herzegovina,,3 MF,Ivan Šunjić,9 October 1996,Zenica,Bosnia and Herzegovina,11,Pafos
Bosnia and Herzegovina,,3 MF,Amar Memić,20 January 2001,Sarajevo,Bosnia and Herzegovina,13,Viktoria Plzeň
Bosnia and Herzegovina,,3 MF,Amir Hadžiahmetović,8 March 1997,Nexø,Denmark,36,Hull City
Bosnia and Herzegovina,,3 MF,Dženis Burnić,22 May 1998,Hamm,Germany,20,Karlsruher SC
Bosnia and Herzegovina,,2 DF,Nikola Katić,10 October 1996,Ljubuški,Bosnia and Herzegovina,17,Schalke 04
Bosnia and Herzegovina,,4 FW,Kerim Alajbegović,21 September 2007,Cologne,Germany,10,Red Bull Salzburg
Bosnia and Herzegovina,,4 FW,Esmir Bajraktarević,10 March 2005,Appleton,United States,16,PSV Eindhoven
Bosnia and Herzegovina,,2 DF,Stjepan Radeljić,5 September 1997,Travnik,Bosnia and Herzegovina,5,Rijeka
Bosnia and Herzegovina,,1 GK,Martin Zlomislić,16 August 1998,Posušje,Bosnia and Herzegovina,3,Rijeka
Bosnia and Herzegovina,,4 FW,Haris Tabaković,20 June 1994,Grenchen,Switzerland,10,Borussia Mönchengladbach
Bosnia and Herzegovina,,2 DF,Arjan Malić,28 August 2005,Jesenice,Slovenia,8,Sturm Graz
Bosnia and Herzegovina,,4 FW,Jovo Lukić,28 November 1998,Banja Luka,Bosnia and Herzegovina,3,Universitatea Cluj
Bosnia and Herzegovina,,3 MF,Ermin Mahmić,14 March 2005,Wels,Austria,2,Slovan Liberec
Canada,,1 GK,Dayne St. Clair,9 May 1997,Pickering,Canada,20,Inter Miami CF
Canada,,2 DF,Alistair Johnston,8 October 1998,Vancouver,Canada,58,Celtic
Canada,,2 DF,Alfie Jones,7 October 1997,Bristol,United Kingdom,2,Middlesbrough
Canada,,2 DF,Luc de Fougerolles,12 October 2005,London,United Kingdom,13,Dender EH
Canada,,2 DF,Joel Waterman,24 January 1996,Langley,Canada,17,Chicago Fire FC
Canada,,3 MF,Mathieu Choinière,7 February 1999,Saint-Alexandre,Canada,23,Los Angeles FC
Canada,,3 MF,Stephen Eustáquio,21 December 1996,Leamington,Canada,56,Los Angeles FC
Canada,,3 MF,Ismaël Koné,16 June 2002,Abidjan,Ivory Coast,40,Sassuolo
Canada,,4 FW,Cyle Larin,17 April 1995,Brampton,Canada,90,Southampton
Canada,,4 FW,Jonathan David,14 January 2000,Brooklyn,United States,77,Juventus
Canada,,3 MF,Liam Millar,27 September 1999,Toronto,Canada,41,Hull City
Canada,,4 FW,Tani Oluwaseyi,15 May 2000,Abuja,Nigeria,24,Villarreal
Canada,,2 DF,Derek Cornelius,25 November 1997,Ajax,Canada,44,Rangers
Canada,,3 MF,Jacob Shaffelburg,26 November 1999,Port Williams,Canada,31,Los Angeles FC
Canada,,2 DF,Moïse Bombito,30 March 2000,Montreal,Canada,20,Nice
Canada,,1 GK,Maxime Crépeau,11 May 1994,Greenfield Park,Canada,32,Orlando City SC
Canada,,4 FW,Tajon Buchanan,8 February 1999,Brampton,Canada,60,Villarreal
Canada,,1 GK,Owen Goodman,27 November 2003,Harold Wood,United Kingdom,0,Barnsley
Canada,,2 DF,Alphonso Davies,2 November 2000,Buduburam,Ghana,58,Bayern Munich
Canada,,4 FW,Ali Ahmed,10 October 2000,Toronto,Canada,24,Norwich City
Canada,,3 MF,Jonathan Osorio,12 June 1992,Toronto,Canada,90,Toronto FC
Canada,,2 DF,Richie Laryea,7 January 1995,Toronto,Canada,75,Toronto FC
Canada,,2 DF,Niko Sigur,9 September 2003,Burnaby,Canada,19,Hajduk Split
Canada,,4 FW,Promise David,3 July 2001,Brampton,Canada,10,Union Saint-Gilloise
Canada,,3 MF,Nathan Saliba,7 February 2004,Longueuil,Canada,15,Anderlecht
Canada,,4 FW,Jayden Nelson,26 September 2002,Brampton,Canada,14,Austin FC
Qatar,,1 GK,Mahmud Abunada,5 February 2000,Doha,Qatar,6,Al-Rayyan
Qatar,,2 DF,Pedro Miguel,6 August 1990,Algueirão - Mem Martins,Portugal,105,Al-Sadd
Qatar,,2 DF,Lucas Mendes,3 July 1990,Curitiba,Brazil,25,Al-Wakrah
Qatar,,2 DF,Issa Laye,22 December 1997,,Senegal,4,Al-Arabi
Qatar,,2 DF,Jassem Gaber,20 February 2002,Doha,Qatar,32,Al-Rayyan
Qatar,,3 MF,Abdulaziz Hatem,1 January 1990,Doha,Qatar,119,Al-Rayyan
Qatar,,4 FW,Ahmed Alaaeldin,31 January 1993,Ismailia,Egypt,68,Al-Rayyan
Qatar,,4 FW,Edmilson Junior,19 August 1994,Liège,Belgium,16,Al-Duhail
Qatar,,4 FW,Mohammed Muntari,20 December 1993,Kumasi,Ghana,67,Al-Gharafa
Qatar,,4 FW,Hassan Al-Haydos,11 December 1990,Doha,Qatar,186,Al-Sadd
Qatar,,4 FW,Akram Afif,18 November 1996,Doha,Qatar,125,Al-Sadd
Qatar,,3 MF,Karim Boudiaf,16 September 1990,Rueil-Malmaison,France,118,Al-Duhail
Qatar,,2 DF,Ayoub Al-Oui,11 March 2005,,Qatar,6,Al-Gharafa
Qatar,,2 DF,Homam Ahmed,25 August 1999,Doha,Qatar,68,Cultural Leonesa
Qatar,,4 FW,Yusuf Abdurisag,6 August 1999,Mogadishu,Somalia,39,Al-Wakrah
Qatar,,2 DF,Boualem Khoukhi,9 July 1990,Bou Ismaïl,Algeria,116,Al-Sadd
Qatar,,3 MF,Ahmed Al-Ganehi,22 September 2000,Doha,Qatar,13,Al-Gharafa
Qatar,,2 DF,Sultan Al-Brake,7 April 1996,Doha,Qatar,17,Al-Duhail
Qatar,,4 FW,Almoez Ali,19 August 1996,Khartoum,Sudan,115,Al-Duhail
Qatar,,3 MF,Ahmed Fathy,25 January 1993,Doha,Qatar,48,Al-Arabi
Qatar,,1 GK,Salah Zakaria,24 April 1999,,Qatar,8,Al-Duhail
Qatar,,1 GK,Meshaal Barsham,14 February 1998,Doha,Qatar,52,Al-Sadd
Qatar,,3 MF,Assim Madibo,22 October 1996,Khartoum,Sudan,51,Al-Wakrah
Qatar,,4 FW,Tahsin Jamshid,16 June 2006,Doha,Qatar,3,Al-Duhail
Qatar,,2 DF,Al-Hashmi Al-Hussain,15 August 2003,,Qatar,8,Al-Arabi
Qatar,,4 FW,Mohamed Manai,25 October 2002,,Tunisia,10,Al-Shamal
Switzerland,,1 GK,Gregor Kobel,6 December 1997,Zurich,Switzerland,21,Borussia Dortmund
Switzerland,,2 DF,Miro Muheim,24 March 1998,Zurich,Switzerland,10,Hamburger SV
Switzerland,,2 DF,Silvan Widmer,5 March 1993,Aarau,Switzerland,60,Mainz 05
Switzerland,,2 DF,Nico Elvedi,30 September 1996,Zurich,Switzerland,67,Borussia Mönchengladbach
Switzerland,,2 DF,Manuel Akanji,19 July 1995,Neftenbach,Switzerland,81,Inter Milan
Switzerland,,3 MF,Denis Zakaria,20 November 1996,Geneva,Switzerland,65,Monaco
Switzerland,,4 FW,Breel Embolo,14 February 1997,Yaoundé,Cameroon,86,Rennes
Switzerland,,3 MF,Remo Freuler,15 April 1992,Ennenda,Switzerland,88,Bologna
Switzerland,,3 MF,Johan Manzambi,14 October 2005,Geneva,Switzerland,12,SC Freiburg
Switzerland,,3 MF,Granit Xhaka,27 September 1992,Basel,Switzerland,146,Sunderland
Switzerland,,4 FW,Dan Ndoye,25 October 2000,Nyon,Switzerland,31,Nottingham Forest
Switzerland,,1 GK,Yvon Mvogo,6 June 1994,Yaoundé,Cameroon,13,Lorient
Switzerland,,2 DF,Ricardo Rodriguez,25 August 1992,Zurich,Switzerland,138,Real Betis
Switzerland,,3 MF,Ardon Jashari,30 July 2002,Cham,Switzerland,8,Milan
Switzerland,,3 MF,Djibril Sow,6 February 1997,Zurich,Switzerland,52,Sevilla
Switzerland,,4 FW,Christian Fassnacht,11 November 1993,Zurich,Switzerland,23,Young Boys
Switzerland,,4 FW,Rubén Vargas,5 August 1998,Adligenswil,Switzerland,61,Sevilla
Switzerland,,2 DF,Eray Cömert,4 February 1998,Rheinfelden,Switzerland,22,Valencia
Switzerland,,4 FW,Noah Okafor,24 May 2000,Binningen,Switzerland,25,Leeds United
Switzerland,,3 MF,Michel Aebischer,6 January 1997,Fribourg,Switzerland,40,Pisa
Switzerland,,1 GK,Marvin Keller,3 July 2002,London,United Kingdom,1,Young Boys
Switzerland,,3 MF,Fabian Rieder,16 February 2002,Koppigen,Switzerland,28,FC Augsburg
Switzerland,,4 FW,Zeki Amdouni,4 December 2000,Geneva,Switzerland,29,Burnley
Switzerland,,2 DF,Aurèle Amenda,31 July 2003,Biel/Bienne,Switzerland,7,Eintracht Frankfurt
Switzerland,,2 DF,Luca Jaquez,2 June 2003,Lucerne,Switzerland,3,VfB Stuttgart
Switzerland,,4 FW,Cedric Itten,27 December 1996,Basel,Switzerland,15,Fortuna Düsseldorf
Brazil,,1 GK,Alisson,2 October 1992,Novo Hamburgo,Brazil,78,Liverpool
Brazil,,3 MF,Éderson Silva,7 July 1999,Campo Grande,Brazil,3,Atalanta
Brazil,,2 DF,Gabriel Magalhães,19 December 1997,São Paulo,Brazil,17,Arsenal
Brazil,,2 DF,Marquinhos,14 May 1994,São Paulo,Brazil,105,Paris Saint-Germain
Brazil,,3 MF,Casemiro,23 February 1992,São José dos Campos,Brazil,86,Manchester United
Brazil,,2 DF,Alex Sandro,26 January 1991,Catanduva,Brazil,45,Flamengo
Brazil,,4 FW,Vinícius Júnior,12 July 2000,São Gonçalo,Brazil,49,Real Madrid
Brazil,,3 MF,Bruno Guimarães,16 November 1997,Rio de Janeiro,Brazil,43,Newcastle United
Brazil,,4 FW,Matheus Cunha,27 May 1999,João Pessoa,Brazil,23,Manchester United
Brazil,,4 FW,Neymar,5 February 1992,Mogi das Cruzes,Brazil,128,Santos
Brazil,,4 FW,Raphinha,14 December 1996,Porto Alegre,Brazil,39,Barcelona
Brazil,,1 GK,Weverton,13 December 1987,Rio Branco,Brazil,11,Grêmio
Brazil,,2 DF,Danilo Luiz,15 July 1991,Bicas,Brazil,70,Flamengo
Brazil,,2 DF,Bremer,18 March 1997,Itapitanga,Brazil,8,Juventus
Brazil,,2 DF,Léo Pereira,31 January 1996,Curitiba,Brazil,4,Flamengo
Brazil,,2 DF,Douglas Santos,22 March 1994,João Pessoa,Brazil,7,Zenit Saint Petersburg
Brazil,,3 MF,Fabinho,23 October 1993,Campinas,Brazil,33,Al-Ittihad
Brazil,,3 MF,Danilo Santos,29 April 2001,Salvador,Brazil,4,Botafogo
Brazil,,4 FW,Endrick,21 July 2006,Taguatinga,Brazil,17,Lyon
Brazil,,3 MF,Lucas Paquetá,27 August 1997,Rio de Janeiro,Brazil,63,Flamengo
Brazil,,4 FW,Luiz Henrique,2 January 2001,Petrópolis,Brazil,15,Zenit Saint Petersburg
Brazil,,4 FW,Gabriel Martinelli,18 June 2001,Guarulhos,Brazil,23,Arsenal
Brazil,,1 GK,Ederson Moraes,17 August 1993,Osasco,Brazil,32,Fenerbahçe
Brazil,,2 DF,Roger Ibañez,23 November 1998,Canela,Brazil,7,Al-Ahli
Brazil,,4 FW,Igor Thiago,26 June 2001,Gama,Brazil,4,Brentford
Brazil,,4 FW,Rayan,3 August 2006,Rio de Janeiro,Brazil,2,Bournemouth
Haiti,,1 GK,Johny Placide,29 January 1988,Montfermeil,France,82,Bastia
Haiti,,2 DF,Carlens Arcus,28 June 1996,Port-au-Prince,Haiti,56,Angers
Haiti,,2 DF,Keeto Thermoncy,29 March 2006,Fribourg,Switzerland,1,Young Boys
Haiti,,2 DF,Ricardo Adé,21 May 1990,Saint-Marc,Haiti,59,LDU Quito
Haiti,,2 DF,Hannes Delcroix,28 February 1999,Petite-Rivière-de-l'Artibonite,Haiti,7,Lugano
Haiti,,3 MF,Carl Sainté,9 August 2002,Grand-Goâve,Haiti,26,El Paso Locomotive FC
Haiti,,4 FW,Derrick Etienne Jr.,25 November 1996,Richmond,United States,51,Toronto FC
Haiti,,2 DF,Martin Expérience,9 March 1999,Châteaubriant,France,21,Nancy
Haiti,,4 FW,Duckens Nazon,7 April 1994,Châtenay-Malabry,France,82,Esteghlal
Haiti,,3 MF,Jean-Ricner Bellegarde,27 June 1998,Colombes,France,10,Wolverhampton Wanderers
Haiti,,4 FW,Louicius Deedson,11 February 2001,Tabarre,Haiti,32,FC Dallas
Haiti,,1 GK,Alexandre Pierre,25 February 2001,Aubervilliers,France,16,Sochaux
Haiti,,2 DF,Duke Lacroix,14 October 1993,New Egypt,United States,16,Colorado Springs Switchbacks FC
Haiti,,2 DF,Garven Metusala,31 December 1999,Terrebonne,Canada,16,Colorado Springs Switchbacks FC
Haiti,,4 FW,Ruben Providence,7 July 2001,Lagny-sur-Marne,France,15,Almere City
Haiti,,4 FW,Lenny Joseph,12 October 2000,Paris,France,2,Ferencváros
Haiti,,3 MF,Danley Jean Jacques,20 May 2000,Petit-Goâve,Haiti,31,Philadelphia Union
Haiti,,4 FW,Wilson Isidor,27 August 2000,Rennes,France,4,Sunderland
Haiti,,4 FW,Yassin Fortuné,30 January 1999,Aubervilliers,France,4,Vizela
Haiti,,4 FW,Frantzdy Pierrot,29 March 1995,Port-au-Prince,Haiti,51,Çaykur Rizespor
Haiti,,4 FW,Josué Casimir,24 September 2001,Baie-Mahault,France,7,Auxerre
Haiti,,2 DF,Jean-Kévin Duverne,12 July 1997,Paris,France,17,Gent
Haiti,,1 GK,Josué Duverger,27 April 2000,Montreal,Canada,7,Cosmos Koblenz
Haiti,,2 DF,Wilguens Paugain,24 August 2001,Thomazeau,Haiti,8,Zulte Waregem
Haiti,,3 MF,Dominique Simon,29 July 2000,Pontoise,France,2,Tatran Prešov
Haiti,,3 MF,Woodensky Pierre,30 December 2004,Cité Soleil,Haiti,1,Violette
Morocco,,1 GK,Yassine Bounou,5 April 1991,Montreal,Canada,90,Al-Hilal
Morocco,,2 DF,Achraf Hakimi,4 November 1998,Madrid,Spain,96,Paris Saint-Germain
Morocco,,2 DF,Noussair Mazraoui,14 November 1997,Leiderdorp,Netherlands,45,Manchester United
Morocco,,3 MF,Sofyan Amrabat,21 August 1996,Huizen,Netherlands,75,Real Betis
Morocco,,2 DF,Marwane Saâdane,17 January 1992,Mohammedia,Morocco,8,Al-Fateh
Morocco,,3 MF,Ayyoub Bouaddi,2 October 2007,Senlis,France,3,Lille
Morocco,,3 MF,Chemsdine Talbi,9 May 2005,Sambreville,Belgium,5,Sunderland
Morocco,,3 MF,Azzedine Ounahi,19 April 2000,Casablanca,Morocco,49,Girona
Morocco,,4 FW,Soufiane Rahimi,2 June 1996,Casablanca,Morocco,37,Al Ain
Morocco,,4 FW,Brahim Díaz,3 August 1999,Málaga,Spain,26,Real Madrid
Morocco,,3 MF,Ismael Saibari,28 January 2001,Terrassa,Spain,30,PSV Eindhoven
Morocco,,1 GK,Munir Mohamedi,10 May 1989,Melilla,Spain,52,RS Berkane
Morocco,,2 DF,Zakaria El Ouahdi,31 December 2001,Hoboken,Belgium,3,Genk
Morocco,,2 DF,Issa Diop,9 January 1997,Toulouse,France,4,Fulham
Morocco,,3 MF,Samir El Mourabet,6 October 2005,Strasbourg,France,4,Strasbourg
Morocco,,3 MF,Gessime Yassine,22 November 2005,Salon-de-Provence,France,4,Strasbourg
Morocco,,4 FW,Amine Sbaï,5 November 2000,Sidi Kacem,Morocco,2,Angers
Morocco,,2 DF,Chadi Riad,17 June 2003,Palma,Spain,6,Crystal Palace
Morocco,,2 DF,Youssef Belammari,20 September 1998,Casablanca,Morocco,18,Al Ahly
Morocco,,4 FW,Ayoub El Kaabi,25 June 1993,Casablanca,Morocco,71,Olympiacos
Morocco,,4 FW,Ayoube Amaimouni,30 November 2004,Vic,Spain,2,Eintracht Frankfurt
Morocco,,1 GK,Ahmed Reda Tagnaouti,5 April 1996,Fez,Morocco,3,AS FAR
Morocco,,3 MF,Bilal El Khannouss,10 May 2004,Strombeek-Bever,Belgium,37,VfB Stuttgart
Morocco,,3 MF,Neil El Aynaoui,2 July 2001,Nancy,France,16,Roma
Morocco,,2 DF,Redouane Halhal,5 March 2003,Montpellier,France,3,Mechelen
Morocco,,2 DF,Anass Salah-Eddine,18 January 2002,Amsterdam,Netherlands,9,PSV Eindhoven
Scotland,,1 GK,Angus Gunn,22 January 1996,Norwich,United Kingdom,22,Nottingham Forest
Scotland,,2 DF,Aaron Hickey,10 June 2002,Scotland,United Kingdom,21,Brentford
Scotland,,2 DF,Andy Robertson,11 March 1994,Glasgow,United Kingdom,94,Liverpool
Scotland,,3 MF,Scott McTominay,8 December 1996,Lancaster,United Kingdom,70,Napoli
Scotland,,2 DF,Grant Hanley,20 November 1991,Dumfries,United Kingdom,68,Hibernian
Scotland,,2 DF,Kieran Tierney,5 June 1997,Douglas,Isle of Man,56,Celtic
Scotland,,3 MF,John McGinn,18 October 1994,Glasgow,United Kingdom,86,Aston Villa
Scotland,,3 MF,Tyler Fletcher,19 March 2007,Manchester,United Kingdom,2,Manchester United
Scotland,,4 FW,Lyndon Dykes,7 October 1995,Gold Coast,Australia,51,Charlton Athletic
Scotland,,4 FW,Ché Adams,13 July 1996,Leicester,United Kingdom,47,Torino
Scotland,,3 MF,Ryan Christie,22 February 1995,Inverness,United Kingdom,68,Bournemouth
Scotland,,1 GK,Liam Kelly,23 January 1996,Glasgow,United Kingdom,3,Rangers
Scotland,,2 DF,Jack Hendry,7 May 1995,Glasgow,United Kingdom,38,Al-Ettifaq
Scotland,,4 FW,Ross Stewart,11 July 1996,Irvine,United Kingdom,3,Southampton
Scotland,,2 DF,John Souttar,25 September 1996,Aberdeen,United Kingdom,24,Rangers
Scotland,,2 DF,Dominic Hyam,20 December 1995,Leuchars,United Kingdom,4,Wrexham
Scotland,,4 FW,Ben Gannon-Doak,11 November 2005,Dalry,United Kingdom,14,Bournemouth
Scotland,,4 FW,George Hirst,15 February 1999,Sheffield,United Kingdom,10,Ipswich Town
Scotland,,3 MF,Lewis Ferguson,24 August 1999,Hamilton,United Kingdom,24,Bologna
Scotland,,4 FW,Lawrence Shankland,10 August 1995,Glasgow,United Kingdom,20,Heart of Midlothian
Scotland,,1 GK,Craig Gordon,31 December 1982,Edinburgh,United Kingdom,84,Heart of Midlothian
Scotland,,2 DF,Nathan Patterson,16 October 2001,Glasgow,United Kingdom,26,Everton
Scotland,,3 MF,Kenny McLean,8 January 1992,Rutherglen,United Kingdom,58,Norwich City
Scotland,,2 DF,Anthony Ralston,16 November 1998,Glasgow,United Kingdom,27,Celtic
Scotland,,4 FW,Findlay Curtis,9 June 2006,Balfron,United Kingdom,3,Kilmarnock
Scotland,,2 DF,Scott McKenna,12 November 1996,Kirriemuir,United Kingdom,50,Dinamo Zagreb
Australia,,1 GK,Mathew Ryan,8 April 1992,Plumpton,Australia,104,Levante
Australia,,2 DF,Miloš Degenek,28 April 1994,Knin,Croatia,57,APOEL
Australia,,2 DF,Alessandro Circati,10 October 2003,Fidenza,Italy,13,Parma
Australia,,2 DF,Jacob Italiano,30 July 2001,Perth,Australia,5,Grazer AK
Australia,,2 DF,Jordan Bos,29 October 2002,Point Cook,Australia,27,Feyenoord
Australia,,2 DF,Jason Geria,10 May 1993,Canberra,Australia,14,Albirex Niigata
Australia,,4 FW,Mathew Leckie,4 February 1991,Melbourne,Australia,80,Melbourne City
Australia,,3 MF,Connor Metcalfe,5 November 1999,Newcastle,Australia,36,FC St. Pauli
Australia,,4 FW,Mohamed Touré,26 March 2004,Conakry,Guinea,10,Norwich City
Australia,,4 FW,Ajdin Hrustic,5 July 1996,Dandenong,Australia,37,Heracles Almelo
Australia,,4 FW,Awer Mabil,15 September 1995,Kakuma,Kenya,38,Castellón
Australia,,1 GK,Paul Izzo,6 January 1995,Adelaide,Australia,4,Randers
Australia,,3 MF,Aiden O'Neill,4 July 1998,Brisbane,Australia,31,New York City FC
Australia,,3 MF,Cammy Devlin,7 June 1998,Sydney,Australia,5,Heart of Midlothian
Australia,,2 DF,Kai Trewin,18 May 2001,Canberra,Australia,6,New York City FC
Australia,,2 DF,Aziz Behich,16 December 1990,Moonee Ponds,Australia,84,Melbourne City
Australia,,4 FW,Nestory Irankunda,9 February 2006,Kigoma,Tanzania,15,Watford
Australia,,1 GK,Patrick Beach,6 August 2003,Sydney,Australia,2,Melbourne City
Australia,,2 DF,Harry Souttar,22 October 1998,Aberdeen,United Kingdom,38,Leicester City
Australia,,4 FW,Cristian Volpato,15 November 2003,Camperdown,Australia,1,Sassuolo
Australia,,2 DF,Cameron Burgess,21 October 1995,Aberdeen,United Kingdom,27,Swansea City
Australia,,3 MF,Jackson Irvine,7 March 1993,Melbourne,Australia,82,FC St. Pauli
Australia,,4 FW,Nishan Velupillay,7 May 2001,Melbourne,Australia,7,Melbourne Victory
Australia,,3 MF,Paul Okon-Engstler,24 January 2005,Ostend,Belgium,6,Sydney FC
Australia,,2 DF,Lucas Herrington,5 September 2007,Brisbane,Australia,4,Colorado Rapids
Australia,,4 FW,Tete Yengi,28 November 2000,Adelaide,Australia,1,Machida Zelvia
Paraguay,,1 GK,Gatito Fernández,29 March 1988,Asunción,Paraguay,31,Cerro Porteño
Paraguay,,2 DF,Gustavo Velázquez,17 April 1991,Villa del Rosario,Paraguay,13,Cerro Porteño
Paraguay,,2 DF,Omar Alderete,26 December 1996,Asunción,Paraguay,36,Sunderland
Paraguay,,2 DF,Juan José Cáceres,1 June 2000,Dock Sud,Argentina,17,Dynamo Moscow
Paraguay,,2 DF,Fabián Balbuena,23 August 1991,Ciudad del Este,Paraguay,48,Grêmio
Paraguay,,2 DF,Júnior Alonso,9 February 1993,Asunción,Paraguay,71,Atlético Mineiro
Paraguay,,3 MF,Ramón Sosa,31 August 1999,Maracaná,Paraguay,29,Palmeiras
Paraguay,,3 MF,Diego Gómez,27 March 2003,San Juan Bautista,Paraguay,24,Brighton & Hove Albion
Paraguay,,4 FW,Antonio Sanabria,4 March 1996,San Lorenzo,Paraguay,48,Cremonese
Paraguay,,3 MF,Miguel Almirón,10 February 1994,Asunción,Paraguay,76,Atlanta United FC
Paraguay,,3 MF,Maurício,22 June 2001,São Paulo,Brazil,3,Palmeiras
Paraguay,,1 GK,Orlando Gill,11 June 2000,San Lorenzo,Paraguay,6,San Lorenzo
Paraguay,,2 DF,José Canale,20 July 1996,Villa monica alritmo,Paraguay,2,Lanús
Paraguay,,3 MF,Andrés Cubas,11 May 1996,Aristóbulo del Valle,Argentina,33,Vancouver Whitecaps FC
Paraguay,,2 DF,Gustavo Gómez,6 May 1993,San Juan Bautista,Paraguay,89,Palmeiras
Paraguay,,3 MF,Damián Bobadilla,11 July 2001,Asunción,Paraguay,19,São Paulo
Paraguay,,4 FW,Kaku,11 January 1995,Ciudadela,Argentina,33,Al Ain
Paraguay,,4 FW,Álex Arce,16 June 1995,Carapeguá,Paraguay,15,Independiente Rivadavia
Paraguay,,4 FW,Julio Enciso,23 January 2004,Caaguazú,Paraguay,32,Strasbourg
Paraguay,,3 MF,Braian Ojeda,27 June 2000,Villa monica alritmo,Paraguay,17,Orlando City SC
Paraguay,,4 FW,Gabriel Ávalos,9 July 1991,Edelira,Paraguay,23,Independiente
Paraguay,,1 GK,Gastón Olveira,21 April 1993,Montevideo,Uruguay,1,Olimpia
Paraguay,,3 MF,Matías Galarza,11 February 2002,Asunción,Paraguay,15,Atlanta United FC
Paraguay,,3 MF,Gustavo Caballero,21 September 2001,San Lorenzo,Paraguay,2,Portsmouth
Paraguay,,4 FW,Isidro Pitta,14 August 1999,Asunción,Paraguay,5,Red Bull Bragantino
Paraguay,,2 DF,Alexandro Maidana,26 July 2005,Caacupé,Paraguay,2,Talleres
Turkey,,1 GK,Mert Günok,1 March 1989,Karabük,Turkey,37,Fenerbahçe
Turkey,,2 DF,Zeki Çelik,17 February 1997,Yıldırım district,Turkey,61,Roma
Turkey,,2 DF,Merih Demiral,5 March 1998,Karamürsel district,Turkey,62,Al-Ahli
Turkey,,2 DF,Çağlar Söyüncü,23 May 1996,İzmir,Turkey,60,Fenerbahçe
Turkey,,3 MF,Salih Özcan,11 January 1998,Cologne,Germany,30,Borussia Dortmund
Turkey,,3 MF,Orkun Kökçü,29 December 2000,Haarlem,Netherlands,50,Beşiktaş
Turkey,,4 FW,Kerem Aktürkoğlu,21 October 1998,İzmit,Turkey,52,Fenerbahçe
Turkey,,4 FW,Arda Güler,25 February 2005,Altındağ,Turkey,29,Real Madrid
Turkey,,4 FW,Deniz Gül,2 July 2004,Stockholm,Sweden,8,Porto
Turkey,,3 MF,Hakan Çalhanoğlu,8 February 1994,Mannheim,Germany,105,Inter Milan
Turkey,,4 FW,Kenan Yıldız,4 May 2005,Regensburg,Germany,28,Juventus
Turkey,,1 GK,Altay Bayındır,14 April 1998,Osmangazi,Turkey,12,Manchester United
Turkey,,2 DF,Eren Elmalı,7 July 2000,Kartal,Turkey,23,Galatasaray
Turkey,,2 DF,Abdülkerim Bardakcı,7 September 1994,Meram district,Turkey,27,Galatasaray
Turkey,,2 DF,Ozan Kabak,25 March 2000,Çankaya,Turkey,30,TSG Hoffenheim
Turkey,,3 MF,İsmail Yüksek,26 January 1999,İznik,Turkey,32,Fenerbahçe
Turkey,,4 FW,İrfan Can Kahveci,15 July 1995,Bayat,Turkey,47,Kasımpaşa
Turkey,,2 DF,Mert Müldür,3 April 1999,Vienna,Austria,45,Fenerbahçe
Turkey,,4 FW,Yunus Akgün,7 July 2000,Küçükçekmece,Turkey,19,Galatasaray
Turkey,,2 DF,Ferdi Kadıoğlu,7 October 1999,Arnhem,Netherlands,30,Brighton & Hove Albion
Turkey,,4 FW,Barış Alper Yılmaz,23 May 2000,İkizdere,Turkey,35,Galatasaray
Turkey,,3 MF,Kaan Ayhan,10 November 1994,Gelsenkirchen,Germany,73,Galatasaray
Turkey,,1 GK,Uğurcan Çakır,5 April 1996,Antalya,Turkey,39,Galatasaray
Turkey,,4 FW,Oğuz Aydın,27 October 2000,The Hague,Netherlands,11,Fenerbahçe
Turkey,,2 DF,Samet Akaydin,13 March 1994,Trabzon,Turkey,19,Çaykur Rizespor
Turkey,,4 FW,Can Uzun,11 November 2005,Regensburg,Germany,6,Eintracht Frankfurt
United States,,1 GK,Matt Turner,"June 24, 1994",Park Ridge,United States,54,New England Revolution
United States,,2 DF,Sergiño Dest,"November 3, 2000",Almere,Netherlands,39,PSV Eindhoven
United States,,2 DF,Chris Richards,"March 28, 2000",Birmingham,United States,36,Crystal Palace
United States,,3 MF,Tyler Adams,"February 14, 1999",Wappingers Falls,United States,54,Bournemouth
United States,,2 DF,Antonee Robinson,"August 8, 1997",Milton Keynes,United Kingdom,54,Fulham
United States,,2 DF,Auston Trusty,"August 12, 1998",Media,United States,8,Celtic
United States,,3 MF,Giovanni Reyna,"November 13, 2002",Sunderland,United Kingdom,38,Borussia Mönchengladbach
United States,,3 MF,Weston McKennie,"August 28, 1998",Little Elm,United States,66,Juventus
United States,,4 FW,Ricardo Pepi,"January 9, 2003",El Paso,United States,37,PSV Eindhoven
United States,,4 FW,Christian Pulisic,"September 18, 1998",Hershey,United States,86,Milan
United States,,4 FW,Brenden Aaronson,"October 22, 2000",Medford,United States,58,Leeds United
United States,,2 DF,Miles Robinson,"March 14, 1997",Arlington,United States,40,FC Cincinnati
United States,,2 DF,Tim Ream,"October 5, 1987",St. Louis,United States,82,Charlotte FC
United States,,3 MF,Sebastian Berhalter,"May 10, 2001",London,United Kingdom,13,Vancouver Whitecaps FC
United States,,3 MF,Cristian Roldan,"June 3, 1995",Pico Rivera,United States,47,Seattle Sounders FC
United States,,2 DF,Alex Freeman,"August 9, 2004",Fort Lauderdale,United States,17,Villarreal
United States,,3 MF,Malik Tillman,"May 28, 2002",Nuremberg,Germany,30,Bayer Leverkusen
United States,,2 DF,Max Arfsten,"April 19, 2001",Fresno,United States,20,Columbus Crew
United States,,4 FW,Haji Wright,"March 27, 1998",Los Angeles,United States,20,Coventry City
United States,,4 FW,Folarin Balogun,"July 3, 2001",New York City,United States,27,Monaco
United States,,4 FW,Timothy Weah,"February 22, 2000",Brooklyn,United States,51,Marseille
United States,,2 DF,Mark McKenzie,"February 25, 1999",Bear,United States,29,Toulouse
United States,,2 DF,Joe Scally,"December 31, 2002",Lake Grove,United States,26,Borussia Mönchengladbach
United States,,1 GK,Matt Freese,"September 2, 1998",Wayne,United States,15,New York City FC
United States,,1 GK,Chris Brady,"March 3, 2004",Naperville,United States,1,Chicago Fire FC
United States,,4 FW,Alejandro Zendejas,"February 7, 1998",Ciudad Juárez,Mexico,14,América
Curaçao,,1 GK,Eloy Room,6 February 1989,Nijmegen,Netherlands,71,Miami FC
Curaçao,,2 DF,Shurandy Sambo,19 August 2001,Geldrop,Netherlands,8,Sparta Rotterdam
Curaçao,,2 DF,Juriën Gaari,23 December 1993,Kerkrade,Netherlands,60,Abha
Curaçao,,2 DF,Roshon van Eijma,9 June 1998,Tilburg,Netherlands,28,RKC Waalwijk
Curaçao,,2 DF,Sherel Floranus,23 August 1998,Rotterdam,Netherlands,28,PEC Zwolle
Curaçao,,3 MF,Godfried Roemeratoe,19 August 1999,Oost-Souburg,Netherlands,28,RKC Waalwijk
Curaçao,,3 MF,Juninho Bacuna,7 August 1997,Groningen,Netherlands,49,Volendam
Curaçao,,3 MF,Livano Comenencia,3 February 2004,Breda,Netherlands,20,Zürich
Curaçao,,4 FW,Jürgen Locadia,7 November 1993,Emmen,Netherlands,13,Miami FC
Curaçao,,3 MF,Leandro Bacuna,21 August 1991,Groningen,Netherlands,72,Iğdır
Curaçao,,4 FW,Jeremy Antonisse,29 March 2002,Rosmalen,Netherlands,27,Kifisia
Curaçao,,4 FW,Sontje Hansen,18 May 2002,Hoorn,Netherlands,6,Middlesbrough
Curaçao,,4 FW,Tyrese Noslin,11 September 2002,Amsterdam,Netherlands,7,Telstar
Curaçao,,4 FW,Kenji Gorré,29 September 1994,Spijkenisse,Netherlands,38,Maccabi Haifa
Curaçao,,3 MF,Ar'jany Martha,4 September 2003,Rotterdam,Netherlands,9,Rotherham United
Curaçao,,4 FW,Jearl Margaritha,10 April 2000,Groningen,Netherlands,22,Beveren
Curaçao,,4 FW,Brandley Kuwas,19 September 1992,Hoorn,Netherlands,35,Volendam
Curaçao,,2 DF,Armando Obispo,5 March 1999,Boxtel,Netherlands,6,PSV Eindhoven
Curaçao,,4 FW,Gervane Kastaneer,9 June 1996,Rotterdam,Netherlands,29,Terengganu
Curaçao,,2 DF,Joshua Brenet,20 March 1994,Kerkrade,Netherlands,18,Kayserispor
Curaçao,,3 MF,Tahith Chong,4 December 1999,Willemstad,Curaçao,6,Sheffield United
Curaçao,,3 MF,Kevin Felida,11 November 1999,Spijkenisse,Netherlands,19,Den Bosch
Curaçao,,2 DF,Riechedly Bazoer,12 October 1996,Utrecht,Netherlands,5,Konyaspor
Curaçao,,2 DF,Deveron Fonville,16 May 2003,Nieuwegein,Netherlands,2,NEC
Curaçao,,1 GK,Tyrick Bodak,15 May 2002,Curaçao,Kingdom of the Netherlands,4,Telstar
Curaçao,,1 GK,Trevor Doornbusch,6 July 1999,Haarlem,Netherlands,8,VVV-Venlo
Ecuador,,1 GK,Hernán Galíndez,30 March 1987,Rosario,Argentina,35,Huracán
Ecuador,,2 DF,Félix Torres,11 January 1997,San Lorenzo,Ecuador,49,Internacional
Ecuador,,2 DF,Piero Hincapié,9 January 2002,Esmeraldas,Ecuador,52,Arsenal
Ecuador,,2 DF,Joel Ordóñez,21 April 2004,Guayaquil,Ecuador,17,Club Brugge
Ecuador,,3 MF,Jordy Alcívar,5 August 1999,Manta,Ecuador,11,Independiente del Valle
Ecuador,,2 DF,Willian Pacho,16 October 2001,Rosa Zárate,Ecuador,34,Paris Saint-Germain
Ecuador,,2 DF,Pervis Estupiñán,21 January 1998,Esmeraldas,Ecuador,54,Milan
Ecuador,,3 MF,Anthony Valencia,21 July 2003,Guayaquil,Ecuador,3,Antwerp
Ecuador,,4 FW,John Yeboah,23 June 2000,Hamburg,Germany,23,Venezia
Ecuador,,3 MF,Kendry Páez,4 May 2007,Guayaquil,Ecuador,26,River Plate
Ecuador,,4 FW,Kevin Rodríguez,4 March 2000,Ibarra,Ecuador,31,Union Saint-Gilloise
Ecuador,,1 GK,Moisés Ramírez,9 September 2000,Guayaquil,Ecuador,7,Kifisia
Ecuador,,4 FW,Enner Valencia,4 November 1989,San Lorenzo,Ecuador,105,Pachuca
Ecuador,,3 MF,Alan Minda,14 May 2003,Esmeraldas,Ecuador,20,Atlético Mineiro
Ecuador,,3 MF,Pedro Vite,9 March 2002,Babahoyo,Ecuador,17,Pumas UNAM
Ecuador,,4 FW,Jordy Caicedo,18 November 1997,Machala,Ecuador,20,Huracán
Ecuador,,2 DF,Ángelo Preciado,18 February 1998,Shushufindi Canton,Ecuador,55,Atlético Mineiro
Ecuador,,3 MF,Denil Castillo,24 March 2004,Eloy Alfaro Canton,Ecuador,5,Midtjylland
Ecuador,,4 FW,Gonzalo Plata,1 November 2000,Guayaquil,Ecuador,50,Flamengo
Ecuador,,4 FW,Nilson Angulo,19 June 2003,Quito,Ecuador,14,Sunderland
Ecuador,,3 MF,Alan Franco,21 August 1998,Alfredo Baquerizo Moreno,Ecuador,58,Atlético Mineiro
Ecuador,,1 GK,Gonzalo Valle,28 February 1996,Riobamba,Ecuador,4,LDU Quito
Ecuador,,3 MF,Moisés Caicedo,2 November 2001,Santo Domingo,Ecuador,61,Chelsea
Ecuador,,4 FW,Jeremy Arévalo,19 March 2005,Santander,Spain,4,VfB Stuttgart
Ecuador,,2 DF,Jackson Porozo,4 August 2000,San Lorenzo,Ecuador,10,Tijuana
Ecuador,,2 DF,Yaimar Medina,5 November 2004,Eloy Alfaro Canton,Ecuador,6,Genk
Germany,,1 GK,Manuel Neuer,27 March 1986,Gelsenkirchen,Germany,124,Bayern Munich
Germany,,2 DF,Antonio Rüdiger,3 March 1993,Berlin,Germany,82,Real Madrid
Germany,,2 DF,Waldemar Anton,20 July 1996,Olmaliq,Uzbekistan,13,Borussia Dortmund
Germany,,2 DF,Jonathan Tah,11 February 1996,Hamburg,Germany,47,Bayern Munich
Germany,,3 MF,Aleksandar Pavlović,3 May 2004,Munich,Germany,11,Bayern Munich
Germany,,2 DF,Joshua Kimmich,8 February 1995,Rottweil,Germany,110,Bayern Munich
Germany,,4 FW,Kai Havertz,11 June 1999,Aachen,Germany,58,Arsenal
Germany,,3 MF,Leon Goretzka,6 February 1995,Bochum,Germany,70,Bayern Munich
Germany,,3 MF,Jamie Leweling,26 February 2001,Nuremberg,Germany,5,VfB Stuttgart
Germany,,3 MF,Jamal Musiala,26 February 2003,Stuttgart,Germany,42,Bayern Munich
Germany,,4 FW,Nick Woltemade,14 February 2002,Bremen,Germany,11,Newcastle United
Germany,,1 GK,Oliver Baumann,2 June 1990,Breisach,Germany,13,TSG Hoffenheim
Germany,,3 MF,Pascal Groß,15 June 1991,Mannheim,Germany,18,Brighton & Hove Albion
Germany,,4 FW,Maximilian Beier,17 October 2002,Brandenburg an der Havel,Germany,9,Borussia Dortmund
Germany,,2 DF,Nico Schlotterbeck,1 December 1999,Waiblingen,Germany,27,Borussia Dortmund
Germany,,3 MF,Angelo Stiller,4 April 2001,Munich,Germany,8,VfB Stuttgart
Germany,,3 MF,Florian Wirtz,3 May 2003,Pulheim,Germany,41,Liverpool
Germany,,2 DF,Nathaniel Brown,16 June 2003,Amberg,Germany,5,Eintracht Frankfurt
Germany,,3 MF,Leroy Sané,11 January 1996,Essen,Germany,76,Galatasaray
Germany,,3 MF,Nadiem Amiri,27 October 1996,Ludwigshafen,Germany,11,Mainz 05
Germany,,1 GK,Alexander Nübel,30 September 1996,Paderborn,Germany,3,VfB Stuttgart
Germany,,2 DF,David Raum,22 April 1998,Nuremberg,Germany,37,RB Leipzig
Germany,,3 MF,Felix Nmecha,10 October 2000,Hamburg,Germany,8,Borussia Dortmund
Germany,,2 DF,Malick Thiaw,8 August 2001,Düsseldorf,Germany,5,Newcastle United
Germany,,3 MF,Assan Ouédraogo,9 May 2006,Mülheim an der Ruhr,Germany,1,RB Leipzig
Germany,,4 FW,Deniz Undav,19 July 1996,Varel,Germany,9,VfB Stuttgart
Ivory Coast,,1 GK,Yahia Fofana,21 August 2000,Paris,France,35,Çaykur Rizespor
Ivory Coast,,2 DF,Ousmane Diomande,4 December 2003,Abidjan,Ivory Coast,15,Sporting CP
Ivory Coast,,2 DF,Ghislain Konan,27 December 1995,Abidjan,Ivory Coast,54,Gil Vicente
Ivory Coast,,3 MF,Jean Michaël Seri,19 July 1991,Grand-Béréby,Ivory Coast,65,Maribor
Ivory Coast,,2 DF,Wilfried Singo,25 December 2000,Ouragahio,Ivory Coast,34,Galatasaray
Ivory Coast,,3 MF,Seko Fofana,7 May 1995,Paris,France,33,Porto
Ivory Coast,,2 DF,Odilon Kossounou,4 January 2001,Abidjan,Ivory Coast,36,Atalanta
Ivory Coast,,3 MF,Franck Kessié,19 December 1996,Ouragahio,Ivory Coast,102,Al-Ahli
Ivory Coast,,4 FW,Ange-Yoan Bonny,25 October 2003,Aubervilliers,France,1,Inter Milan
Ivory Coast,,4 FW,Simon Adingra,1 January 2002,Yamoussoukro,Ivory Coast,29,Monaco
Ivory Coast,,4 FW,Yan Diomande,14 November 2006,Abidjan,Ivory Coast,10,RB Leipzig
Ivory Coast,,4 FW,Elye Wahi,2 January 2003,Courcouronnes,France,2,Nice
Ivory Coast,,2 DF,Christopher Opéri,29 April 1997,Abidjan,Ivory Coast,12,İstanbul Başakşehir
Ivory Coast,,4 FW,Oumar Diakité,20 December 2003,Bingerville,Ivory Coast,30,Cercle Brugge
Ivory Coast,,4 FW,Amad Diallo,11 July 2002,Abidjan,Ivory Coast,19,Manchester United
Ivory Coast,,1 GK,Mohamed Koné,7 March 2002,Adjamé,Ivory Coast,0,Charleroi
Ivory Coast,,2 DF,Guéla Doué,17 October 2002,Angers,France,20,Strasbourg
Ivory Coast,,3 MF,Ibrahim Sangaré,2 December 1997,Koumassi,Ivory Coast,57,Nottingham Forest
Ivory Coast,,4 FW,Nicolas Pépé,29 May 1995,Mantes-la-Jolie,France,56,Villarreal
Ivory Coast,,2 DF,Emmanuel Agbadou,17 June 1997,Abidjan,Ivory Coast,20,Beşiktaş
Ivory Coast,,2 DF,Evan Ndicka,20 August 1999,20th arrondissement of Paris,France,28,Roma
Ivory Coast,,4 FW,Evann Guessand,1 July 2001,Ajaccio,France,21,Crystal Palace
Ivory Coast,,1 GK,Alban Lafont,23 January 1999,Ouagadougou,Burkina Faso,4,Panathinaikos
Ivory Coast,,4 FW,Bazoumana Touré,2 March 2006,Bouaké,Ivory Coast,6,TSG Hoffenheim
Ivory Coast,,3 MF,Parfait Guiagon,22 February 2001,Logoualé,Ivory Coast,5,Charleroi
Ivory Coast,,3 MF,Christ Inao Oulaï,6 April 2006,Yopougon,Ivory Coast,9,Trabzonspor
Japan,,1 GK,Zion Suzuki,21 August 2002,Newark,United States,24,Parma
Japan,,2 DF,Yukinari Sugawara,28 June 2000,Toyokawa,Japan,21,Werder Bremen
Japan,,2 DF,Shōgo Taniguchi,15 July 1991,Kumamoto,Japan,38,Sint-Truiden
Japan,,2 DF,Kō Itakura,27 January 1997,Yokohama,Japan,40,Ajax
Japan,,2 DF,Yūto Nagatomo,12 September 1986,Saijo,Japan,145,FC Tokyo
Japan,,4 FW,Shūto Machino,30 September 1999,Mie Prefecture,Japan,14,Borussia Mönchengladbach
Japan,,3 MF,Ao Tanaka,10 September 1998,Miyamae-ku,Japan,38,Leeds United
Japan,,3 MF,Takefusa Kubo,4 June 2001,Kawasaki,Japan,49,Real Sociedad
Japan,,4 FW,Keisuke Gotō,3 June 2005,Shizuoka,Japan,4,Sint-Truiden
Japan,,3 MF,Ritsu Dōan,16 June 1998,Amagasaki,Japan,65,Eintracht Frankfurt
Japan,,3 MF,Daizen Maeda,20 October 1997,Taishi,Japan,27,Celtic
Japan,,1 GK,Keisuke Ōsako,28 July 1999,Izumi,Japan,11,Sanfrecce Hiroshima
Japan,,3 MF,Keito Nakamura,28 July 2000,Abiko,Japan,25,Reims
Japan,,3 MF,Junya Itō,9 March 1993,Yokosuka,Japan,69,Genk
Japan,,3 MF,Daichi Kamada,5 August 1996,Ehime Prefecture,Japan,49,Crystal Palace
Japan,,2 DF,Tsuyoshi Watanabe,5 February 1997,Saitama Prefecture,Japan,11,Feyenoord
Japan,,3 MF,Yuito Suzuki,25 October 2001,Hayama,Japan,6,SC Freiburg
Japan,,4 FW,Ayase Ueda,28 August 1998,Mito,Japan,39,Feyenoord
Japan,,4 FW,Kōki Ogawa,8 August 1997,Yokohama,Japan,15,NEC
Japan,,2 DF,Ayumu Seko,7 June 2000,Osaka,Japan,14,Le Havre
Japan,,2 DF,Hiroki Itō,12 May 1999,Hamamatsu,Japan,24,Bayern Munich
Japan,,2 DF,Takehiro Tomiyasu,5 November 1998,Fukuoka Prefecture,Japan,43,Ajax
Japan,,1 GK,Tomoki Hayakawa,3 March 1999,Kanagawa Prefecture,Japan,4,Kashima Antlers
Japan,,3 MF,Kaishū Sano,30 December 2000,Tsuyama,Japan,13,Mainz 05
Japan,,2 DF,Junnosuke Suzuki,12 July 2003,Gifu Prefecture,Japan,6,Copenhagen
Japan,,4 FW,Kento Shiogai,26 March 2005,Tokyo,Japan,2,VfL Wolfsburg
Netherlands,,1 GK,Bart Verbruggen,18 August 2002,Zwolle,Netherlands,29,Brighton & Hove Albion
Netherlands,,2 DF,Lutsharel Geertruida,18 July 2000,Rotterdam,Netherlands,21,Sunderland
Netherlands,,3 MF,Marten de Roon,29 March 1991,Zwijndrecht,Netherlands,43,Atalanta
Netherlands,,2 DF,Virgil van Dijk,8 July 1991,Breda,Netherlands,92,Liverpool
Netherlands,,2 DF,Nathan Aké,18 February 1995,The Hague,Netherlands,59,Manchester City
Netherlands,,2 DF,Jan Paul van Hecke,8 June 2000,Arnemuiden,Netherlands,12,Brighton & Hove Albion
Netherlands,,3 MF,Justin Kluivert,5 May 1999,Zaandam,Netherlands,12,Bournemouth
Netherlands,,3 MF,Ryan Gravenberch,16 May 2002,Amsterdam,Netherlands,27,Liverpool
Netherlands,,4 FW,Wout Weghorst,7 August 1992,Amsterdam,Netherlands,52,Ajax
Netherlands,,4 FW,Memphis Depay,13 February 1994,Moordrecht,Netherlands,109,Corinthians
Netherlands,,4 FW,Cody Gakpo,7 May 1999,Eindhoven,Netherlands,50,Liverpool
Netherlands,,2 DF,Mats Wieffer,16 November 1999,Borne,Netherlands,15,Brighton & Hove Albion
Netherlands,,1 GK,Robin Roefs,17 January 2003,Heeswijk-Dinther,Netherlands,1,Sunderland
Netherlands,,3 MF,Tijjani Reijnders,29 July 1998,Zwolle,Netherlands,32,Manchester City
Netherlands,,2 DF,Micky van de Ven,19 April 2001,Wormer,Netherlands,21,Tottenham Hotspur
Netherlands,,3 MF,Guus Til,22 December 1997,Samfya,Zambia,7,PSV Eindhoven
Netherlands,,4 FW,Noa Lang,17 June 1999,Capelle aan den IJssel,Netherlands,15,Galatasaray
Netherlands,,4 FW,Donyell Malen,19 January 1999,Wieringen,Netherlands,53,Roma
Netherlands,,4 FW,Brian Brobbey,1 February 2002,Amsterdam,Netherlands,12,Sunderland
Netherlands,,3 MF,Teun Koopmeiners,28 February 1998,Castricum,Netherlands,28,Juventus
Netherlands,,3 MF,Frenkie de Jong,12 May 1997,Arkel,Netherlands,66,Barcelona
Netherlands,,2 DF,Denzel Dumfries,18 April 1996,Rotterdam,Netherlands,72,Inter Milan
Netherlands,,1 GK,Mark Flekken,13 June 1993,Kerkrade,Netherlands,12,Bayer Leverkusen
Netherlands,,4 FW,Crysencio Summerville,30 October 2001,Rotterdam,Netherlands,2,West Ham United
Netherlands,,2 DF,Jorrel Hato,7 March 2006,Rotterdam,Netherlands,8,Chelsea
Netherlands,,3 MF,Quinten Timber,17 June 2001,Utrecht,Netherlands,11,Marseille
Sweden,,1 GK,Jacob Widell Zetterström,11 July 1998,Stockholm,Sweden,3,Derby County
Sweden,,2 DF,Gustaf Lagerbielke,10 April 2000,Stockholm,Sweden,11,Braga
Sweden,,2 DF,Victor Lindelöf,17 July 1994,Västerås,Sweden,76,Aston Villa
Sweden,,2 DF,Isak Hien,13 January 1999,Kista,Sweden,29,Atalanta
Sweden,,2 DF,Gabriel Gudmundsson,29 April 1999,Malmö,Sweden,24,Leeds United
Sweden,,2 DF,Herman Johansson,16 October 1997,Örnsköldsvik,Sweden,3,FC Dallas
Sweden,,3 MF,Lucas Bergvall,2 February 2006,Stockholm,Sweden,10,Tottenham Hotspur
Sweden,,2 DF,Daniel Svensson,12 February 2002,Stockholm,Sweden,13,Borussia Dortmund
Sweden,,4 FW,Alexander Isak,21 September 1999,Stockholm,Sweden,58,Liverpool
Sweden,,3 MF,Benjamin Nygren,8 July 2001,Gothenburg,Sweden,11,Celtic
Sweden,,4 FW,Anthony Elanga,27 April 2002,Hyllie,Sweden,30,Newcastle United
Sweden,,1 GK,Viktor Johansson,14 September 1998,Stockholm,Sweden,12,Stoke City
Sweden,,3 MF,Ken Sema,30 September 1993,Norrköping Matteus church parish,Sweden,33,Pafos
Sweden,,2 DF,Hjalmar Ekdal,21 October 1998,Stockholm,Sweden,13,Burnley
Sweden,,2 DF,Carl Starfelt,1 June 1995,Stockholm,Sweden,18,Celta Vigo
Sweden,,3 MF,Jesper Karlström,21 June 1995,Stockholm,Sweden,25,Udinese
Sweden,,4 FW,Viktor Gyökeres,4 June 1998,Hägerstens församling,Sweden,33,Arsenal
Sweden,,3 MF,Yasin Ayari,6 October 2003,Solna,Sweden,21,Brighton & Hove Albion
Sweden,,3 MF,Mattias Svanberg,5 January 1999,Malmö,Sweden,41,VfL Wolfsburg
Sweden,,2 DF,Eric Smith,8 January 1997,Halmstad,Sweden,2,FC St. Pauli
Sweden,,2 DF,Alexander Bernhardsson,8 September 1998,Gothenburg,Sweden,11,Holstein Kiel
Sweden,,3 MF,Besfort Zeneli,21 November 2002,Säter,Sweden,8,Union Saint-Gilloise
Sweden,,1 GK,Kristoffer Nordfeldt,23 June 1989,Stockholm,Sweden,21,AIK
Sweden,,2 DF,Elliot Stroud,22 June 2002,Uddevalla,Sweden,1,Mjällby AIF
Sweden,,4 FW,Gustaf Nilsson,23 May 1997,Falkenberg,Sweden,10,Club Brugge
Sweden,,4 FW,Taha Ali,1 July 1998,Spånga-Kista församling,Sweden,2,Malmö FF
Tunisia,,1 GK,Mouhib Chamakh,25 August 2001,Medenine,Tunisia,3,Club Africain
Tunisia,,2 DF,Ali Abdi,20 December 1993,Sfax,Tunisia,46,Nice
Tunisia,,2 DF,Montassar Talbi,26 May 1998,Paris,France,64,Lorient
Tunisia,,2 DF,Omar Rekik,20 December 2001,Helmond,Netherlands,6,Maribor
Tunisia,,2 DF,Adem Arous,17 July 2004,Medina,Saudi Arabia,2,Kasımpaşa
Tunisia,,2 DF,Dylan Bronn,19 June 1995,Cannes,France,52,Servette
Tunisia,,4 FW,Elias Achouri,10 February 1999,Saint-Denis,France,30,Copenhagen
Tunisia,,4 FW,Elias Saad,27 December 1999,Hamburg,Germany,15,Hannover 96
Tunisia,,4 FW,Hazem Mastouri,18 June 1997,Tunis,Tunisia,19,Dynamo Makhachkala
Tunisia,,3 MF,Hannibal Mejbri,21 January 2003,Ivry-sur-Seine,France,45,Burnley
Tunisia,,3 MF,Ismaël Gharbi,10 April 2004,Paris,France,17,FC Augsburg
Tunisia,,2 DF,Mortadha Ben Ouanes,2 July 1994,Sousse,Tunisia,18,Kasımpaşa
Tunisia,,3 MF,Rani Khedira,27 January 1994,Stuttgart,Germany,3,Union Berlin
Tunisia,,3 MF,Khalil Ayari,2 February 2005,Tunis,Tunisia,4,Paris Saint-Germain
Tunisia,,3 MF,Hadj Mahmoud,24 April 2000,Sousse,Tunisia,9,Lugano
Tunisia,,1 GK,Aymen Dahmen,28 January 1997,Sfax,Tunisia,37,CS Sfaxien
Tunisia,,3 MF,Ellyes Skhiri,10 May 1995,Lunel,France,83,Eintracht Frankfurt
Tunisia,,4 FW,Rayan Elloumi,17 September 2007,St. Albert,Canada,4,Vancouver Whitecaps FC
Tunisia,,4 FW,Firas Chaouat,8 May 1996,Sfax,Tunisia,30,Club Africain
Tunisia,,2 DF,Yan Valery,22 February 1999,Champigny-sur-Marne,France,22,Young Boys
Tunisia,,2 DF,Mohamed Amine Ben Hamida,15 December 1995,Tunis,Tunisia,13,Espérance de Tunis
Tunisia,,1 GK,Sabri Ben Hessen,13 June 1996,Sfax,Tunisia,2,Étoile du Sahel
Tunisia,,2 DF,Moutaz Neffati,4 September 2004,Norrköping,Sweden,5,IFK Norrköping
Tunisia,,2 DF,Raed Chikhaoui,9 June 2004,Sakiet Ezzit,Tunisia,0,US Monastir
Tunisia,,3 MF,Anis Ben Slimane,16 March 2001,Copenhagen,Denmark,41,Norwich City
Tunisia,,3 MF,Sebastian Tounekti,13 July 2002,Tromsø Municipality,Norway,12,Celtic
Belgium,,1 GK,Thibaut Courtois,11 May 1992,Bree,Belgium,109,Real Madrid
Belgium,,2 DF,Zeno Debast,24 October 2003,Halle,Belgium,26,Sporting CP
Belgium,,2 DF,Arthur Theate,25 May 2000,Liège,Belgium,33,Eintracht Frankfurt
Belgium,,2 DF,Brandon Mechele,28 January 1993,Bredene,Belgium,9,Club Brugge
Belgium,,2 DF,Maxim De Cuyper,22 December 2000,Knokke-Heist,Belgium,19,Brighton & Hove Albion
Belgium,,3 MF,Axel Witsel,12 January 1989,Liège,Belgium,138,Girona
Belgium,,3 MF,Kevin De Bruyne,28 June 1991,Drongen,Belgium,119,Napoli
Belgium,,3 MF,Youri Tielemans,7 May 1997,Sint-Pieters-Leeuw,Belgium,85,Aston Villa
Belgium,,4 FW,Romelu Lukaku,13 May 1993,Antwerp,Belgium,126,Napoli
Belgium,,4 FW,Leandro Trossard,4 December 1994,Maasmechelen,Belgium,51,Arsenal
Belgium,,4 FW,Jérémy Doku,27 May 2002,Antwerp,Belgium,43,Manchester City
Belgium,,1 GK,Senne Lammens,7 July 2002,Aaigem,Belgium,2,Manchester United
Belgium,,1 GK,Mike Penders,31 July 2005,Maasmechelen,Belgium,0,Strasbourg
Belgium,,4 FW,Dodi Lukébakio,24 September 1997,Asse,Belgium,30,Benfica
Belgium,,2 DF,Thomas Meunier,12 September 1991,Sainte-Ode,Belgium,80,Lille
Belgium,,2 DF,Koni De Winter,12 June 2002,Antwerp,Belgium,8,Milan
Belgium,,4 FW,Charles De Ketelaere,10 March 2001,Bruges,Belgium,30,Atalanta
Belgium,,2 DF,Joaquin Seys,28 March 2005,Ostend,Belgium,5,Club Brugge
Belgium,,3 MF,Diego Moreira,6 August 2004,Liège,Belgium,3,Strasbourg
Belgium,,3 MF,Hans Vanaken,24 August 1992,Neerpelt,Belgium,34,Club Brugge
Belgium,,2 DF,Timothy Castagne,5 December 1995,Arlon,Belgium,63,Fulham
Belgium,,3 MF,Alexis Saelemaekers,27 June 1999,Berchem-Sainte-Agathe,Belgium,24,Milan
Belgium,,3 MF,Nicolas Raskin,23 February 2001,Waregem,Belgium,13,Rangers
Belgium,,3 MF,Amadou Onana,16 August 2001,Dakar,Senegal,29,Aston Villa
Belgium,,2 DF,Nathan Ngoy,10 June 2003,Brussels,Belgium,4,Lille
Belgium,,4 FW,Matias Fernandez-Pardo,3 February 2005,Brussels,Belgium,2,Lille
Egypt,,1 GK,Mohamed El Shenawy,18 December 1988,Kafr el-Sheikh,Egypt,76,Al Ahly
Egypt,,2 DF,Yasser Ibrahim,10 February 1993,Mansoura,Egypt,17,Al Ahly
Egypt,,2 DF,Mohamed Hany,2 February 1996,Cairo,Egypt,42,Al Ahly
Egypt,,2 DF,Hossam Abdelmaguid,30 April 2001,,Egypt,13,Zamalek
Egypt,,2 DF,Ramy Rabia,20 May 1993,Cairo,Egypt,44,Al Ain
Egypt,,2 DF,Mohamed Abdelmonem,1 February 1999,Zagazig,Egypt,36,Nice
Egypt,,4 FW,Trézéguet,1 October 1994,Kafr el-Sheikh,Egypt,96,Al Ahly
Egypt,,3 MF,Emam Ashour,20 February 1998,Mansoura,Egypt,29,Al Ahly
Egypt,,4 FW,Hamza Abdelkarim,1 January 2008,Mansoura,Egypt,2,Barcelona B
Egypt,,4 FW,Mohamed Salah,15 June 1992,Nagrig,Egypt,116,Liverpool
Egypt,,3 MF,Mostafa Ziko,27 April 1997,Monufia Governorate,Egypt,2,Pyramids
Egypt,,4 FW,Haissem Hassan,8 February 2002,Paris,France,4,Oviedo
Egypt,,2 DF,Ahmed Fatouh,22 March 1998,Cairo,Egypt,39,Zamalek
Egypt,,3 MF,Hamdy Fathy,29 September 1994,Beheira Governorate,Egypt,63,Al-Wakrah
Egypt,,2 DF,Karim Hafez,12 March 1996,Cairo,Egypt,9,Pyramids
Egypt,,1 GK,El Mahdy Soliman,8 June 1987,Cairo,Egypt,0,Zamalek
Egypt,,3 MF,Mohanad Lasheen,29 May 1996,Cairo,Egypt,23,Pyramids
Egypt,,3 MF,Nabil Emad,6 April 1996,El Mahalla El Kubra,Egypt,12,Al-Najma
Egypt,,3 MF,Marwan Attia,1 August 1998,Kafr el-Dawwar,Egypt,34,Al Ahly
Egypt,,4 FW,Ibrahim Adel,23 April 2001,Port Said,Egypt,24,Nordsjælland
Egypt,,3 MF,Mahmoud Saber,30 July 2001,Desouk,Egypt,15,ZED
Egypt,,4 FW,Omar Marmoush,7 February 1999,Cairo,Egypt,50,Manchester City
Egypt,,1 GK,Mostafa Shobeir,15 May 2000,Giza,Egypt,9,Al Ahly
Egypt,,2 DF,Tarek Alaa,5 January 2002,Cairo,Egypt,3,ZED
Egypt,,4 FW,Zizo,10 January 1996,Minya,Egypt,63,Al Ahly
Egypt,,1 GK,Mohamed Alaa,1 January 1999,Ismailia,Egypt,0,El Gouna
Iran,,1 GK,Alireza Beiranvand,21 September 1992,Sarab-e Yas,Iran,86,Tractor
Iran,,2 DF,Saleh Hardani,26 December 1998,Bahmai County,Iran,18,Esteghlal
Iran,,2 DF,Ehsan Hajsafi,25 February 1990,Kashan,Iran,146,Sepahan
Iran,,2 DF,Shojae Khalilzadeh,14 May 1989,Bahnemir,Iran,58,Tractor
Iran,,2 DF,Milad Mohammadi,29 September 1993,Tehran,Iran,76,Persepolis
Iran,,3 MF,Saeid Ezatolahi,1 October 1996,Bandar-e Anzali,Iran,83,Shabab Al Ahli
Iran,,3 MF,Alireza Jahanbakhsh,11 August 1993,Qazvin,Iran,99,Dender EH
Iran,,3 MF,Mohammad Mohebi,20 December 1998,Bushehr,Iran,37,Rostov
Iran,,4 FW,Mehdi Taremi,18 July 1992,Bushehr,Iran,105,Olympiacos
Iran,,4 FW,Mehdi Ghayedi,5 December 1998,Bushehr,Iran,30,Al Nasr
Iran,,4 FW,Ali Alipour,11 November 1995,Qaem Shahr,Iran,14,Persepolis
Iran,,1 GK,Payam Niazmand,6 April 1995,Tehran,Iran,15,Persepolis
Iran,,2 DF,Hossein Kanaanizadegan,23 March 1994,Mahshahr,Iran,65,Persepolis
Iran,,3 MF,Saman Ghoddos,6 September 1993,Piranshahr Sugar Factory,Iran,68,Kalba
Iran,,3 MF,Rouzbeh Cheshmi,24 July 1993,Tehran,Iran,40,Esteghlal
Iran,,3 MF,Mahdi Torabi,10 September 1994,Eshtehard,Iran,52,Tractor
Iran,,2 DF,Arya Yousefi,22 April 2002,Mahshahr,Iran,14,Sepahan
Iran,,4 FW,Amirhossein Hosseinzadeh,30 October 2000,Tehran,Iran,18,Tractor
Iran,,2 DF,Ali Nemati,8 February 1996,Nishapur,Iran,18,Foolad
Iran,,4 FW,Shahriyar Moghanlou,21 December 1994,Zanjan,Iran,21,Kalba
Iran,,3 MF,Mohammad Ghorbani,7 October 2001,Arak,Iran,16,Al Wahda
Iran,,1 GK,Hossein Hosseini,30 June 1992,Shiraz,Iran,13,Sepahan
Iran,,2 DF,Ramin Rezaeian,21 March 1990,Sari,Iran,74,Foolad
Iran,,4 FW,Dennis Eckert,9 January 1997,Bonn,Germany,0,Standard Liège
Iran,,2 DF,Danial Eiri,26 October 2003,Gonbad-e Kavus,Iran,0,Malavan
Iran,,3 MF,Amirmohammad Razzaghinia,11 April 2006,Yazd,Iran,4,Esteghlal
New Zealand,,1 GK,Max Crocombe,12 August 1993,Auckland,New Zealand,24,Millwall
New Zealand,,2 DF,Tim Payne,10 January 1994,Auckland,New Zealand,51,Wellington Phoenix
New Zealand,,2 DF,Francis de Vries,28 November 1994,Christchurch,New Zealand,20,Auckland FC
New Zealand,,2 DF,Tyler Bindon,27 January 2005,Auckland,New Zealand,25,Sheffield United
New Zealand,,2 DF,Michael Boxall,18 August 1988,Auckland,New Zealand,63,Minnesota United FC
New Zealand,,3 MF,Joe Bell,27 April 1999,Bristol,United Kingdom,32,Viking
New Zealand,,4 FW,Logan Rogerson,28 May 1998,Hamilton,New Zealand,18,Auckland FC
New Zealand,,3 MF,Marko Stamenić,19 February 2002,Wellington,New Zealand,39,Swansea City
New Zealand,,4 FW,Chris Wood,7 December 1991,Auckland,New Zealand,90,Nottingham Forest
New Zealand,,3 MF,Sarpreet Singh,20 February 1999,Auckland,New Zealand,28,Wellington Phoenix
New Zealand,,3 MF,Elijah Just,1 May 2000,Palmerston North,New Zealand,44,Motherwell
New Zealand,,1 GK,Alex Paulsen,4 July 2002,Auckland,New Zealand,8,Lechia Gdańsk
New Zealand,,2 DF,Liberato Cacace,27 September 2000,Wellington,New Zealand,37,Wrexham
New Zealand,,3 MF,Alex Rufer,12 June 1996,Wellington,New Zealand,26,Wellington Phoenix
New Zealand,,2 DF,Nando Pijnaker,25 February 1999,Zutphen,Netherlands,25,Auckland FC
New Zealand,,2 DF,Finn Surman,23 September 2003,Christchurch,New Zealand,19,Portland Timbers
New Zealand,,4 FW,Kosta Barbarouses,19 February 1990,Wellington,New Zealand,76,Western Sydney Wanderers
New Zealand,,4 FW,Ben Waine,11 June 2001,Wellington,New Zealand,31,Port Vale
New Zealand,,3 MF,Ben Old,13 August 2002,Auckland,New Zealand,24,Saint-Étienne
New Zealand,,3 MF,Callum McCowatt,30 April 1999,Auckland,New Zealand,32,Silkeborg
New Zealand,,4 FW,Jesse Randall,19 August 2002,Wellington,New Zealand,11,Auckland FC
New Zealand,,1 GK,Michael Woud,16 January 1999,Auckland,New Zealand,6,Auckland FC
New Zealand,,3 MF,Ryan Thomas,20 December 1994,Te Puke,New Zealand,25,PEC Zwolle
New Zealand,,2 DF,Callan Elliot,7 July 1999,Scotland,United Kingdom,11,Auckland FC
New Zealand,,3 MF,Lachlan Bayliss,24 July 2002,Darwin,Australia,4,Newcastle Jets
New Zealand,,2 DF,Tommy Smith,31 March 1990,Macclesfield,United Kingdom,56,Braintree Town
Cape Verde,,1 GK,Vozinha,3 June 1986,Mindelo,Cape Verde,90,Chaves
Cape Verde,,2 DF,Stopira,20 May 1988,Praia,Cape Verde,61,Torreense
Cape Verde,,2 DF,Diney,17 January 1995,Tarrafal,Cape Verde,32,Al Bataeh
Cape Verde,,2 DF,Pico,17 June 1992,Crumlin,Ireland,45,Shamrock Rovers
Cape Verde,,2 DF,Logan Costa,1 April 2001,Saint-Denis,France,28,Villarreal
Cape Verde,,3 MF,Kevin Pina,27 January 1997,Praia,Cape Verde,31,Krasnodar
Cape Verde,,3 MF,Jovane Cabral,14 June 1998,Assomada,Cape Verde,29,Estrela Amadora
Cape Verde,,3 MF,João Paulo,26 May 1998,Ribeira Grande,Cape Verde,41,FCSB
Cape Verde,,4 FW,Gilson Benchimol,29 December 2001,Praia,Cape Verde,21,Akron Tolyatti
Cape Verde,,3 MF,Jamiro Monteiro,23 November 1993,Rotterdam,Netherlands,55,PEC Zwolle
Cape Verde,,3 MF,Garry Rodrigues,27 November 1990,Rotterdam,Netherlands,61,Apollon Limassol
Cape Verde,,1 GK,Márcio Rosa,23 February 1997,Praia,Cape Verde,11,Montana
Cape Verde,,2 DF,Sidny Lopes Cabral,18 September 2002,Rotterdam,Netherlands,11,Benfica
Cape Verde,,3 MF,Deroy Duarte,4 July 1999,Rotterdam,Netherlands,33,Ludogorets Razgrad
Cape Verde,,3 MF,Laros Duarte,28 February 1997,Rotterdam,Netherlands,20,Puskás Akadémia
Cape Verde,,3 MF,Yannick Semedo,29 December 1995,Praia,Cape Verde,11,Farense
Cape Verde,,3 MF,Willy Semedo,27 April 1994,Montfermeil,France,38,Omonia
Cape Verde,,3 MF,Telmo Arcanjo,21 June 2001,Lisbon,Portugal,16,Vitória de Guimarães
Cape Verde,,4 FW,Dailon Livramento,4 May 2001,Rotterdam,Netherlands,22,Casa Pia
Cape Verde,,4 FW,Ryan Mendes,8 January 1990,Mindelo,Cape Verde,96,Iğdır
Cape Verde,,3 MF,Nuno da Costa,10 February 1991,Praia,Cape Verde,9,İstanbul Başakşehir
Cape Verde,,2 DF,Steven Moreira,13 August 1994,Noisy-le-Grand,France,20,Columbus Crew
Cape Verde,,1 GK,CJ dos Santos,24 August 2000,Philadelphia,United States,1,San Diego FC
Cape Verde,,2 DF,Wagner Pina,3 November 2002,Lisbon,Portugal,14,Trabzonspor
Cape Verde,,2 DF,Kelvin Pires,5 June 2000,Mindelo,Cape Verde,6,SJK
Cape Verde,,3 MF,Hélio Varela,3 May 2002,Almada,Portugal,21,Maccabi Tel Aviv
Saudi Arabia,,1 GK,Nawaf Al-Aqidi,10 May 2000,Riyadh,Saudi Arabia,24,Al-Nassr
Saudi Arabia,,2 DF,Ali Majrashi,2 October 1999,,Saudi Arabia,21,Al-Ahli
Saudi Arabia,,2 DF,Ali Lajami,24 April 1996,Qatif governorate,Saudi Arabia,24,Al-Hilal
Saudi Arabia,,2 DF,Abdulelah Al-Amri,15 January 1997,Ta'if,Saudi Arabia,44,Al-Nassr
Saudi Arabia,,2 DF,Hassan Al-Tambakti,9 February 1999,Riyadh,Saudi Arabia,54,Al-Hilal
Saudi Arabia,,3 MF,Nasser Al-Dawsari,19 December 1998,Riyadh,Saudi Arabia,47,Al-Hilal
Saudi Arabia,,3 MF,Musab Al-Juwayr,20 June 2003,Riyadh,Saudi Arabia,37,Al-Qadsiah
Saudi Arabia,,4 FW,Ayman Yahya,14 May 2001,Riyadh,Saudi Arabia,26,Al-Nassr
Saudi Arabia,,4 FW,Firas Al-Buraikan,14 May 2000,Riyadh,Saudi Arabia,72,Al-Ahli
Saudi Arabia,,4 FW,Salem Al-Dawsari,19 August 1991,Riyadh,Saudi Arabia,111,Al-Hilal
Saudi Arabia,,4 FW,Saleh Al-Shehri,1 November 1993,Jeddah,Saudi Arabia,59,Al-Ittihad
Saudi Arabia,,2 DF,Saud Abdulhamid,18 July 1999,Jeddah,Saudi Arabia,55,Lens
Saudi Arabia,,2 DF,Nawaf Boushal,16 September 1999,Qatif,Saudi Arabia,27,Al-Nassr
Saudi Arabia,,2 DF,Hassan Kadesh,26 September 1992,Dammam,Saudi Arabia,21,Al-Ittihad
Saudi Arabia,,3 MF,Abdullah Al-Khaibari,16 August 1996,Riyadh,Saudi Arabia,42,Al-Nassr
Saudi Arabia,,3 MF,Ziyad Al-Johani,11 November 2001,Jeddah,Saudi Arabia,12,Al-Ahli
Saudi Arabia,,4 FW,Khalid Al-Ghannam,8 November 2000,Khobar,Saudi Arabia,7,Al-Ettifaq
Saudi Arabia,,3 MF,Alaa Al-Hejji,3 December 1995,Sakakah,Saudi Arabia,3,Neom
Saudi Arabia,,4 FW,Abdullah Al-Hamdan,13 September 1999,Riyadh,Saudi Arabia,52,Al-Nassr
Saudi Arabia,,4 FW,Sultan Mandash,17 October 1994,Jeddah,Saudi Arabia,7,Al-Hilal
Saudi Arabia,,1 GK,Mohammed Al-Owais,10 October 1991,Al-Ahsa Oasis,Saudi Arabia,65,Al-Ula
Saudi Arabia,,1 GK,Ahmed Al-Kassar,8 May 1991,Qatif governorate,Saudi Arabia,9,Al-Qadsiah
Saudi Arabia,,3 MF,Mohamed Kanno,22 September 1994,Khobar,Saudi Arabia,79,Al-Hilal
Saudi Arabia,,2 DF,Moteb Al-Harbi,20 February 2000,Riyadh,Saudi Arabia,13,Al-Hilal
Saudi Arabia,,2 DF,Jehad Thakri,21 July 2001,Khobar,Saudi Arabia,8,Al-Qadsiah
Saudi Arabia,,2 DF,Mohammed Abu Al-Shamat,11 August 2002,Jeddah,Saudi Arabia,8,Al-Qadsiah
Spain,,1 GK,David Raya,15 September 1995,Barcelona,Spain,13,Arsenal
Spain,,2 DF,Marc Pubill,20 June 2003,Terrassa,Spain,2,Atlético Madrid
Spain,,2 DF,Álex Grimaldo,20 September 1995,Valencia,Spain,14,Bayer Leverkusen
Spain,,2 DF,Eric García,9 January 2001,Martorell,Spain,21,Barcelona
Spain,,2 DF,Marcos Llorente,30 January 1995,Barcelona,Spain,24,Atlético Madrid
Spain,,3 MF,Mikel Merino,22 June 1996,Pamplona,Spain,43,Arsenal
Spain,,4 FW,Ferran Torres,29 February 2000,Foios,Spain,57,Barcelona
Spain,,3 MF,Fabián Ruiz,3 April 1996,Los Palacios y Villafranca,Spain,42,Paris Saint-Germain
Spain,,3 MF,Gavi,5 August 2004,Los Palacios y Villafranca,Spain,30,Barcelona
Spain,,4 FW,Dani Olmo,7 May 1998,Terrassa,Spain,50,Barcelona
Spain,,4 FW,Yéremy Pino,20 October 2002,Las Palmas de Gran Canaria,Spain,23,Crystal Palace
Spain,,2 DF,Pedro Porro,13 September 1999,Don Benito,Spain,18,Tottenham Hotspur
Spain,,1 GK,Joan Garcia,4 May 2001,Sallent de Llobregat,Spain,2,Barcelona
Spain,,2 DF,Aymeric Laporte,27 May 1994,Agen,France,46,Athletic Bilbao
Spain,,3 MF,Álex Baena,20 July 2001,Roquetas de Mar,Spain,17,Atlético Madrid
Spain,,3 MF,Rodri,22 June 1996,Madrid,Spain,62,Manchester City
Spain,,4 FW,Nico Williams,12 July 2002,Pamplona,Spain,30,Athletic Bilbao
Spain,,3 MF,Martín Zubimendi,2 February 1999,San Sebastián,Spain,26,Arsenal
Spain,,4 FW,Lamine Yamal,13 July 2007,Esplugues de Llobregat,Spain,25,Barcelona
Spain,,3 MF,Pedri,25 November 2002,Tegueste,Spain,41,Barcelona
Spain,,4 FW,Mikel Oyarzabal,21 April 1997,Eibar,Spain,53,Real Sociedad
Spain,,2 DF,Pau Cubarsí,22 January 2007,Estanyol,Spain,12,Barcelona
Spain,,1 GK,Unai Simón,11 June 1997,Vitoria-Gasteiz,Spain,58,Athletic Bilbao
Spain,,2 DF,Marc Cucurella,22 July 1998,Alella,Spain,24,Chelsea
Spain,,4 FW,Víctor Muñoz,13 July 2003,Barcelona,Spain,2,Osasuna
Spain,,4 FW,Borja Iglesias,17 January 1993,Santiago de Compostela,Spain,8,Celta Vigo
Uruguay,,1 GK,Sergio Rochet,23 March 1993,Nueva Palmira,Uruguay,35,Internacional
Uruguay,,2 DF,José María Giménez,20 January 1995,Canelones,Uruguay,99,Atlético Madrid
Uruguay,,2 DF,Sebastián Cáceres,18 August 1999,Montevideo,Uruguay,24,América
Uruguay,,2 DF,Ronald Araújo,7 March 1999,Rivera,Uruguay,27,Barcelona
Uruguay,,3 MF,Manuel Ugarte,11 April 2001,Montevideo,Uruguay,36,Manchester United
Uruguay,,3 MF,Rodrigo Bentancur,25 June 1997,Colonia del Sacramento,Uruguay,74,Tottenham Hotspur
Uruguay,,3 MF,Nicolás de la Cruz,1 June 1997,Montevideo,Uruguay,34,Flamengo
Uruguay,,3 MF,Federico Valverde,22 July 1998,Montevideo,Uruguay,73,Real Madrid
Uruguay,,4 FW,Darwin Núñez,24 June 1999,Artigas,Uruguay,38,Al-Hilal
Uruguay,,3 MF,Giorgian de Arrascaeta,1 June 1994,Nuevo Berlín,Uruguay,60,Flamengo
Uruguay,,4 FW,Facundo Pellistri,20 December 2001,Montevideo,Uruguay,39,Panathinaikos
Uruguay,,1 GK,Santiago Mele,6 September 1997,Montevideo,Uruguay,8,Monterrey
Uruguay,,2 DF,Guillermo Varela,24 March 1993,Montevideo,Uruguay,28,Flamengo
Uruguay,,3 MF,Agustín Canobbio,1 October 1998,Montevideo,Uruguay,15,Fluminense
Uruguay,,3 MF,Emiliano Martínez,17 August 1999,Punta del Este,Uruguay,10,Palmeiras
Uruguay,,2 DF,Mathías Olivera,31 October 1997,Montevideo,Uruguay,35,Napoli
Uruguay,,2 DF,Matías Viña,9 November 1997,Empalme Olmos,Uruguay,43,River Plate
Uruguay,,4 FW,Brian Rodríguez,20 May 2000,Tranqueras,Uruguay,32,América
Uruguay,,4 FW,Rodrigo Aguirre,1 October 1994,Montevideo,Uruguay,10,Tigres UANL
Uruguay,,3 MF,Maximiliano Araújo,15 February 2000,Montevideo,Uruguay,28,Sporting CP
Uruguay,,4 FW,Federico Viñas,30 June 1998,Montevideo,Uruguay,11,Oviedo
Uruguay,,3 MF,Joaquín Piquerez,24 August 1998,Montevideo,Uruguay,19,Palmeiras
Uruguay,,1 GK,Fernando Muslera,16 June 1986,Buenos Aires,Argentina,134,Estudiantes
Uruguay,,2 DF,Santiago Bueno,9 November 1998,Montevideo,Uruguay,8,Wolverhampton Wanderers
Uruguay,,3 MF,Juan Manuel Sanabria,29 March 2000,Florida,United States,5,Real Salt Lake
Uruguay,,3 MF,Rodrigo Zalazar,12 August 1999,Albacete,Spain,8,Braga
France,,1 GK,Brice Samba,25 April 1994,Linzolo,Republic of the Congo,4,Rennes
France,,2 DF,Malo Gusto,19 May 2003,Décines-Charpieu,France,11,Chelsea
France,,2 DF,Lucas Digne,20 July 1993,Meaux,France,58,Aston Villa
France,,2 DF,Dayot Upamecano,27 October 1998,Évreux,France,38,Bayern Munich
France,,2 DF,Jules Koundé,12 November 1998,14th arrondissement of Paris,France,48,Barcelona
France,,3 MF,Manu Koné,17 May 2001,Colombes,France,14,Roma
France,,4 FW,Ousmane Dembélé,15 May 1997,Vernon,France,59,Paris Saint-Germain
France,,3 MF,Aurélien Tchouaméni,27 January 2000,Rouen,France,46,Real Madrid
France,,4 FW,Marcus Thuram,6 August 1997,Parma,Italy,34,Inter Milan
France,,4 FW,Kylian Mbappé,20 December 1998,Paris,France,98,Real Madrid
France,,4 FW,Michael Olise,12 December 2001,London,United Kingdom,17,Bayern Munich
France,,4 FW,Bradley Barcola,2 September 2002,Villeurbanne,France,20,Paris Saint-Germain
France,,3 MF,N'Golo Kanté,29 March 1991,Paris,France,69,Fenerbahçe
France,,3 MF,Adrien Rabiot,3 April 1995,Saint-Maurice,France,59,Milan
France,,2 DF,Ibrahima Konaté,25 May 1999,Paris,France,28,Liverpool
France,,1 GK,Mike Maignan,3 July 1995,Cayenne,France,40,Milan
France,,2 DF,William Saliba,24 March 2001,Bondy,France,32,Arsenal
France,,3 MF,Warren Zaïre-Emery,8 March 2006,Montreuil,France,11,Paris Saint-Germain
France,,2 DF,Théo Hernandez,6 October 1997,Marseille,France,44,Al-Hilal
France,,4 FW,Désiré Doué,3 June 2005,Angers,France,7,Paris Saint-Germain
France,,2 DF,Lucas Hernandez,14 February 1996,Marseille,France,42,Paris Saint-Germain
France,,4 FW,Jean-Philippe Mateta,28 June 1997,Sevran,France,4,Crystal Palace
France,,1 GK,Robin Risser,2 December 2004,Colmar,France,0,Lens
France,,3 MF,Rayan Cherki,17 August 2003,Lyon,France,7,Manchester City
France,,3 MF,Maghnes Akliouche,25 February 2002,Tremblay-en-France,France,9,Monaco
France,,2 DF,Maxence Lacroix,6 April 2000,Villeneuve-Saint-Georges,France,4,Crystal Palace
Iraq,,1 GK,Fahad Talib,21 October 1994,Baghdad,Iraq,21,Al-Talaba
Iraq,,2 DF,Rebin Sulaka,12 April 1992,Ankawa,Iraq,56,Port
Iraq,,2 DF,Hussein Ali,1 March 2002,Malmö,Sweden,27,Pogoń Szczecin
Iraq,,2 DF,Zaid Tahseen,29 January 2001,Najaf,Iraq,28,Pakhtakor
Iraq,,2 DF,Akam Hashim,16 August 1998,Erbil,Iraq,14,Al-Zawraa
Iraq,,2 DF,Manaf Younis,16 November 1996,Tikrit,Iraq,34,Al-Shorta
Iraq,,3 MF,Youssef Amyn,21 August 2003,Essen,Germany,27,AEK Larnaca
Iraq,,3 MF,Ibrahim Bayesh,1 May 2000,Baghdad,Iraq,76,Al Dhafra
Iraq,,4 FW,Ali Al-Hamadi,1 March 2002,Maysan Governorate,Iraq,20,Luton Town
Iraq,,4 FW,Mohanad Ali,20 June 2000,Baghdad,Iraq,72,Dibba
Iraq,,4 FW,Ahmed Qasem,12 July 2003,Motala,Sweden,3,Nashville SC
Iraq,,1 GK,Jalal Hassan,18 May 1991,Al Diwaniyah,Iraq,102,Al-Zawraa
Iraq,,4 FW,Ali Yousif,19 January 1996,Baghdad,Iraq,7,Al-Talaba
Iraq,,3 MF,Zidane Iqbal,27 April 2003,Manchester,United Kingdom,25,Utrecht
Iraq,,2 DF,Ahmed Maknzi,24 September 2001,Baghdad,Iraq,7,Al-Karma
Iraq,,3 MF,Amir Al-Ammari,27 July 1997,Jönköping,Sweden,51,Cracovia
Iraq,,4 FW,Ali Jasim,20 January 2004,Baghdad,Iraq,36,Al-Najma
Iraq,,4 FW,Aymen Hussein,22 March 1996,Hawija,Iraq,95,Al-Karma
Iraq,,3 MF,Kevin Yakob,10 October 2000,Gothenburg,Sweden,9,AGF
Iraq,,3 MF,Aimar Sher,20 December 2002,Kirkuk,Iraq,7,Sarpsborg 08
Iraq,,4 FW,Marko Farji,16 March 2004,Grimstad,Norway,12,Venezia
Iraq,,1 GK,Ahmed Basil,19 August 1996,Baghdad,Iraq,16,Al-Shorta
Iraq,,2 DF,Merchas Doski,7 December 1999,Hanover,Germany,31,Viktoria Plzeň
Iraq,,3 MF,Zaid Ismail,3 January 2002,Diyala Governorate,Iraq,6,Al-Talaba
Iraq,,2 DF,Mustafa Saadoon,25 May 2001,Corgi,Iraq,17,Al-Shorta
Iraq,,2 DF,Frans Putros,14 July 1993,Aarhus,Denmark,28,Persib
Norway,,1 GK,Ørjan Nyland,10 September 1990,Volda Municipality,Norway,71,Sevilla
Norway,,3 MF,Morten Thorsby,5 May 1996,Oslo,Norway,31,Cremonese
Norway,,2 DF,Kristoffer Ajer,17 April 1998,Rælingen,Norway,52,Brentford
Norway,,2 DF,Leo Østigård,28 November 1999,Molde Municipality,Norway,38,Genoa
Norway,,2 DF,David Møller Wolfe,23 April 2002,Bergen,Norway,22,Wolverhampton Wanderers
Norway,,3 MF,Patrick Berg,24 November 1997,Bodø,Norway,43,Bodø/Glimt
Norway,,4 FW,Alexander Sørloth,5 December 1995,Trondheim,Norway,72,Atlético Madrid
Norway,,3 MF,Sander Berge,14 February 1998,Bærum Municipality,Norway,66,Fulham
Norway,,4 FW,Erling Haaland,21 July 2000,Leeds,United Kingdom,50,Manchester City
Norway,,3 MF,Martin Ødegaard,17 December 1998,Drammen,Norway,68,Arsenal
Norway,,4 FW,Jørgen Strand Larsen,6 February 2000,Halden,Norway,28,Crystal Palace
Norway,,1 GK,Sander Tangvik,29 November 2002,Trondheim,Norway,0,Hamburger SV
Norway,,1 GK,Egil Selvik,30 July 1997,Sandnes Municipality,Norway,7,Watford
Norway,,3 MF,Fredrik Aursnes,10 December 1995,Hareid,Norway,22,Benfica
Norway,,2 DF,Fredrik André Bjørkan,21 August 1998,Bodø Municipality,Norway,21,Bodø/Glimt
Norway,,2 DF,Marcus Holmgren Pedersen,16 July 2000,Hammerfest,Norway,32,Torino
Norway,,2 DF,Torbjørn Heggem,12 January 1999,Trondheim,Norway,15,Bologna
Norway,,3 MF,Kristian Thorstvedt,13 March 1999,Stavanger,Norway,37,Sassuolo
Norway,,3 MF,Thelo Aasgaard,2 May 2002,Liverpool,United Kingdom,8,Rangers
Norway,,3 MF,Antonio Nusa,17 April 2005,Langhus,Norway,24,RB Leipzig
Norway,,3 MF,Andreas Schjelderup,1 June 2004,Bodø Municipality,Norway,12,Benfica
Norway,,3 MF,Oscar Bobb,12 July 2003,Oslo,Norway,20,Fulham
Norway,,3 MF,Jens Petter Hauge,12 October 1999,Bodø,Norway,15,Bodø/Glimt
Norway,,2 DF,Sondre Langås,2 February 2001,Namsos,Norway,3,Derby County
Norway,,2 DF,Henrik Falchener,8 May 2003,Tønsberg,Norway,1,Viking
Norway,,2 DF,Julian Ryerson,17 November 1997,Flekkefjord Municipality,Norway,43,Borussia Dortmund
Senegal,,1 GK,Yehvann Diouf,16 November 1999,Montreuil,France,2,Nice
Senegal,,2 DF,Mamadou Sarr,29 August 2005,Martigues,France,8,Chelsea
Senegal,,2 DF,Kalidou Koulibaly,20 June 1991,Saint-Dié-des-Vosges,France,103,Al-Hilal
Senegal,,2 DF,Abdoulaye Seck,4 June 1992,M'Bour,Senegal,22,Maccabi Haifa
Senegal,,3 MF,Idrissa Gueye,26 September 1989,Dakar,Senegal,131,Everton
Senegal,,3 MF,Pathé Ciss,16 March 1994,Dakar,Senegal,30,Rayo Vallecano
Senegal,,4 FW,Assane Diao,7 September 2005,Ndangane,Senegal,5,Como
Senegal,,3 MF,Lamine Camara,1 January 2004,Diouloulou,Senegal,33,Monaco
Senegal,,4 FW,Bamba Dieng,23 March 2000,Pikine,Senegal,23,Lorient
Senegal,,4 FW,Sadio Mané,10 April 1992,Bambali,Senegal,128,Al-Nassr
Senegal,,4 FW,Nicolas Jackson,20 June 2001,,Senegal,33,Bayern Munich
Senegal,,4 FW,Cherif Ndiaye,23 January 1996,Dakar,Senegal,19,Samsunspor
Senegal,,4 FW,Iliman Ndiaye,6 March 2000,Rouen,France,40,Everton
Senegal,,2 DF,Ismail Jakobs,17 August 1999,Cologne,Germany,30,Galatasaray
Senegal,,2 DF,Krépin Diatta,25 February 1999,Dakar,Senegal,61,Monaco
Senegal,,1 GK,Édouard Mendy,1 March 1992,Montivilliers,France,57,Al-Ahli
Senegal,,3 MF,Pape Matar Sarr,14 September 2002,Thiaroye,Senegal,40,Tottenham Hotspur
Senegal,,4 FW,Ismaïla Sarr,25 February 1998,Saint-Louis,Senegal,83,Crystal Palace
Senegal,,2 DF,Moussa Niakhaté,8 March 1996,Roubaix,France,31,Lyon
Senegal,,4 FW,Ibrahim Mbaye,24 January 2008,Trappes,France,11,Paris Saint-Germain
Senegal,,3 MF,Habib Diarra,3 January 2004,Guédiawaye,Senegal,21,Sunderland
Senegal,,3 MF,Bara Sapoko Ndiaye,31 December 2007,Meckhe,Senegal,1,Bayern Munich
Senegal,,1 GK,Mory Diaw,22 June 1993,Poissy,France,5,Le Havre
Senegal,,2 DF,Antoine Mendy,27 May 2004,Marseille,France,7,Nice
Senegal,,2 DF,El Hadji Malick Diouf,29 December 2004,Ziguinchor,Senegal,20,West Ham United
Senegal,,3 MF,Pape Gueye,24 January 1999,Montreuil,France,41,Villarreal
Algeria,,1 GK,Melvin Mastil,19 February 2000,Thonon-les-Bains,France,2,Stade Nyonnais
Algeria,,2 DF,Aïssa Mandi,22 October 1991,Châlons-en-Champagne,France,119,Lille
Algeria,,2 DF,Achref Abada,15 June 1999,Tebesbest,Algeria,9,USM Alger
Algeria,,2 DF,Mohamed Amine Tougai,22 January 2000,Bourouba,Algeria,30,Espérance de Tunis
Algeria,,2 DF,Zineddine Belaïd,20 March 1999,Thénia,Algeria,18,JS Kabylie
Algeria,,3 MF,Ramiz Zerrouki,26 May 1998,Amsterdam,Netherlands,53,Twente
Algeria,,4 FW,Riyad Mahrez,21 February 1991,Clichy,France,116,Al-Ahli
Algeria,,3 MF,Houssem Aouar,30 June 1998,Lyon,France,22,Al-Ittihad
Algeria,,4 FW,Amine Gouiri,16 February 2000,Bourgoin-Jallieu,France,23,Marseille
Algeria,,3 MF,Farès Chaïbi,28 November 2002,3rd arrondissement of Lyon,France,31,Eintracht Frankfurt
Algeria,,4 FW,Anis Hadj Moussa,11 February 2002,Paris,France,15,Feyenoord
Algeria,,4 FW,Nadhir Benbouali,17 April 2000,Chlef,Algeria,4,Győri ETO
Algeria,,2 DF,Jaouen Hadjam,26 March 2003,Paris,France,18,Young Boys
Algeria,,3 MF,Hicham Boudaoui,23 September 1999,Béchar,Algeria,34,Nice
Algeria,,2 DF,Rayan Aït-Nouri,6 June 2001,Montreuil,France,30,Manchester City
Algeria,,1 GK,Oussama Benbot,11 October 1994,Aïn M'lila,Algeria,5,USM Alger
Algeria,,2 DF,Rafik Belghali,7 June 2002,Leuven,Belgium,13,Hellas Verona
Algeria,,4 FW,Mohamed Amoura,9 May 2000,Taher,Algeria,47,VfL Wolfsburg
Algeria,,3 MF,Nabil Bentaleb,24 November 1994,Lille,France,60,Lille
Algeria,,4 FW,Adil Boulbina,2 May 2003,El Milia,Algeria,12,Al-Duhail
Algeria,,2 DF,Ramy Bensebaini,16 April 1995,Constantine,Algeria,82,Borussia Dortmund
Algeria,,3 MF,Ibrahim Maza,24 November 2005,Berlin,Germany,17,Bayer Leverkusen
Algeria,,1 GK,Luca Zidane,13 May 1998,Marseille,France,7,Granada
Algeria,,3 MF,Yacine Titraoui,26 July 2003,M'Sila,Algeria,5,Charleroi
Algeria,,4 FW,Farès Ghedjemis,6 September 2002,Montreuil,France,1,Frosinone
Algeria,,2 DF,Samir Chergui,6 February 1999,Arpajon,France,5,Paris FC
Argentina,,1 GK,Juan Musso,6 May 1994,San Nicolás de los Arroyos,Argentina,4,Atlético Madrid
Argentina,,2 DF,Marcos Senesi,10 May 1997,Concordia,Argentina,3,Bournemouth
Argentina,,2 DF,Nicolás Tagliafico,31 August 1992,Rafael Calzada,Argentina,76,Lyon
Argentina,,2 DF,Gonzalo Montiel,1 January 1997,Virrey del Pino,Argentina,39,River Plate
Argentina,,3 MF,Leandro Paredes,29 June 1994,San Justo,Argentina,77,Boca Juniors
Argentina,,2 DF,Lisandro Martínez,18 January 1998,Gualeguay,Argentina,28,Manchester United
Argentina,,3 MF,Rodrigo De Paul,24 May 1994,Sarandí,Argentina,87,Inter Miami CF
Argentina,,3 MF,Valentín Barco,23 July 2004,Buenos Aires,Argentina,4,Strasbourg
Argentina,,4 FW,Julián Alvarez,31 January 2000,Calchín,Argentina,51,Atlético Madrid
Argentina,,4 FW,Lionel Messi,24 June 1987,Rosario,Argentina,199,Inter Miami CF
Argentina,,3 MF,Giovani Lo Celso,9 April 1996,Rosario,Argentina,67,Real Betis
Argentina,,1 GK,Gerónimo Rulli,20 May 1992,La Plata,Argentina,8,Marseille
Argentina,,2 DF,Cristian Romero,27 April 1998,Córdoba,Argentina,51,Tottenham Hotspur
Argentina,,3 MF,Exequiel Palacios,5 October 1998,Famaillá,Argentina,40,Bayer Leverkusen
Argentina,,3 MF,Nicolás González,6 April 1998,Belén de Escobar,Argentina,51,Atlético Madrid
Argentina,,4 FW,Thiago Almada,26 April 2001,Fuerte Apache,Argentina,16,Atlético Madrid
Argentina,,4 FW,Giuliano Simeone,18 December 2002,Rome,Italy,13,Atlético Madrid
Argentina,,4 FW,Nico Paz,8 September 2004,Santa Cruz de Tenerife,Spain,9,Como
Argentina,,2 DF,Nicolás Otamendi,12 February 1988,Buenos Aires,Argentina,132,Benfica
Argentina,,3 MF,Alexis Mac Allister,24 December 1998,Santa Rosa,Argentina,46,Liverpool
Argentina,,4 FW,José Manuel López,6 December 2000,San Lorenzo,Argentina,5,Palmeiras
Argentina,,4 FW,Lautaro Martínez,22 August 1997,Bahía Blanca,Argentina,77,Inter Milan
Argentina,,1 GK,Emiliano Martínez,2 September 1992,Mar del Plata,Argentina,59,Aston Villa
Argentina,,3 MF,Enzo Fernández,17 January 2001,General San Martín,Argentina,42,Chelsea
Argentina,,2 DF,Facundo Medina,28 May 1999,Buenos Aires,Argentina,9,Marseille
Argentina,,2 DF,Nahuel Molina,6 April 1998,Embalse,Argentina,58,Atlético Madrid
Austria,,1 GK,Alexander Schlager,1 February 1996,Salzburg,Austria,26,Red Bull Salzburg
Austria,,2 DF,David Affengruber,19 March 2001,Scheibbs,Austria,1,Elche
Austria,,2 DF,Kevin Danso,19 September 1998,Voitsberg,Austria,32,Tottenham Hotspur
Austria,,3 MF,Xaver Schlager,28 September 1997,Linz,Austria,51,RB Leipzig
Austria,,2 DF,Stefan Posch,14 May 1997,Judenburg,Austria,52,Mainz 05
Austria,,3 MF,Nicolas Seiwald,4 May 2001,Kuchl,Austria,47,RB Leipzig
Austria,,4 FW,Marko Arnautović,19 April 1989,Vienna,Austria,133,Red Star Belgrade
Austria,,2 DF,David Alaba,24 June 1992,Vienna,Austria,113,Real Madrid
Austria,,3 MF,Marcel Sabitzer,17 March 1994,Wels,Austria,98,Borussia Dortmund
Austria,,3 MF,Florian Grillitsch,7 August 1995,Neunkirchen,Austria,58,Braga
Austria,,4 FW,Michael Gregoritsch,18 April 1994,Graz,Austria,75,FC Augsburg
Austria,,1 GK,Florian Wiegele,21 March 2001,Graz,Austria,1,Viktoria Plzeň
Austria,,1 GK,Patrick Pentz,2 January 1997,Salzburg,Austria,18,Brøndby
Austria,,4 FW,Saša Kalajdžić,7 July 1997,Horn,Austria,22,LASK
Austria,,2 DF,Philipp Lienhart,11 July 1996,Lilienfeld,Austria,41,SC Freiburg
Austria,,2 DF,Phillipp Mwene,29 January 1994,Vienna,Austria,30,Mainz 05
Austria,,3 MF,Carney Chukwuemeka,20 October 2003,Eisenstadt,Austria,3,Borussia Dortmund
Austria,,3 MF,Romano Schmid,27 January 2000,Graz,Austria,34,Werder Bremen
Austria,,3 MF,Dejan Ljubičić,8 October 1997,Vienna,Austria,9,Schalke 04
Austria,,3 MF,Konrad Laimer,27 May 1997,Salzburg,Austria,57,Bayern Munich
Austria,,4 FW,Patrick Wimmer,30 May 2001,Tulln an der Donau,Austria,30,VfL Wolfsburg
Austria,,3 MF,Alexander Prass,26 May 2001,Hellmonsödt,Austria,19,TSG Hoffenheim
Austria,,2 DF,Marco Friedl,16 March 1998,Kirchbichl,Austria,11,Werder Bremen
Austria,,3 MF,Paul Wanner,23 December 2005,Dornbirn,Austria,3,PSV Eindhoven
Austria,,2 DF,Michael Svoboda,15 October 1998,Vienna,Austria,4,Venezia
Austria,,3 MF,Alessandro Schöpf,7 February 1994,Umhausen,Austria,35,Wolfsberger AC
Jordan,,1 GK,Yazeed Abulaila,8 January 1993,Zarqa,Jordan,76,Al-Hussein
Jordan,,2 DF,Mohammad Abu Hashish,9 May 1995,,Iraq,56,Al-Karma
Jordan,,2 DF,Abdallah Nasib,25 February 1994,Aqaba,Jordan,65,Al-Zawraa
Jordan,,2 DF,Husam Abu Dahab,13 May 2000,,Jordan,18,Al-Faisaly
Jordan,,2 DF,Yazan Al-Arab,31 January 1996,Amman,Jordan,80,FC Seoul
Jordan,,3 MF,Amer Jamous,3 July 2002,,Jordan,19,Al-Zawraa
Jordan,,4 FW,Mohammad Abu Zrayq,30 December 1997,Ar Ramtha,Jordan,41,Raja Casablanca
Jordan,,3 MF,Noor Al-Rawabdeh,24 February 1997,Amman,Jordan,68,Selangor
Jordan,,4 FW,Ali Olwan,26 March 2000,Amman,Jordan,66,Al-Sailiya
Jordan,,4 FW,Musa Al-Taamari,10 June 1997,Amman,Jordan,92,Rennes
Jordan,,4 FW,Odeh Al-Fakhouri,22 November 2005,Amman,Jordan,10,Pyramids
Jordan,,1 GK,Nour Bani Attiah,25 January 1993,Amman,Jordan,5,Al-Faisaly
Jordan,,4 FW,Mahmoud Al-Mardi,6 October 1993,Aqaba,Jordan,89,Al-Hussein
Jordan,,3 MF,Rajaei Ayed,25 July 1993,Amman,Jordan,72,Al-Hussein
Jordan,,3 MF,Ibrahim Sadeh,27 April 2000,Zarqa,Jordan,57,Al-Karma
Jordan,,2 DF,Mo Abualnadi,8 February 2001,Overland Park,United States,18,Selangor
Jordan,,2 DF,Salim Obaid,17 January 1992,Amman,Jordan,11,Al-Hussein
Jordan,,3 MF,Mohammad Taha,13 July 2005,,Jordan,2,Al-Hussein
Jordan,,2 DF,Saed Al-Rosan,1 February 1997,,Jordan,21,Al-Hussein
Jordan,,3 MF,Mohannad Abu Taha,2 February 2003,Amman,Jordan,29,Al-Quwa Al-Jawiya
Jordan,,3 MF,Nizar Al-Rashdan,23 March 1999,Irbid,Jordan,47,Qatar SC
Jordan,,1 GK,Abdallah Al-Fakhouri,22 January 2000,Russeifa,Jordan,11,Al-Wehdat
Jordan,,2 DF,Ihsan Haddad,5 February 1994,Irbid,Jordan,92,Al-Hussein
Jordan,,4 FW,Ali Azaizeh,13 April 2004,,Germany,4,Al-Shabab
Jordan,,3 MF,Mohammad Al-Dawoud,12 April 1992,Ar Ramtha,Jordan,13,Al-Wehdat
Jordan,,2 DF,Anas Badawi,13 September 1997,Amman,Jordan,1,Al-Faisaly
Colombia,,1 GK,David Ospina,31 August 1988,Medellín,Colombia,130,Atlético Nacional
Colombia,,2 DF,Daniel Muñoz,26 May 1996,Amalfi,Colombia,46,Crystal Palace
Colombia,,2 DF,Jhon Lucumí,26 June 1998,Cali,Colombia,37,Bologna
Colombia,,2 DF,Santiago Arias,13 January 1992,Medellín,Colombia,68,Independiente
Colombia,,3 MF,Kevin Castaño,29 September 2000,Itagüí,Colombia,25,River Plate
Colombia,,3 MF,Richard Ríos,2 June 2000,Vegachi,Colombia,32,Benfica
Colombia,,4 FW,Luis Díaz,13 January 1997,Barrancas,Colombia,74,Bayern Munich
Colombia,,3 MF,Jorge Carrascal,25 May 1998,Cartagena,Colombia,24,Flamengo
Colombia,,4 FW,Jhon Córdoba,11 May 1993,Istmina,Colombia,21,Krasnodar
Colombia,,3 MF,James Rodríguez,12 July 1991,Cúcuta,Colombia,126,Minnesota United FC
Colombia,,3 MF,Jhon Arias,21 September 1997,Quibdó,Colombia,38,Palmeiras
Colombia,,1 GK,Camilo Vargas,9 March 1989,Bogotá,Colombia,42,Atlas
Colombia,,2 DF,Yerry Mina,23 September 1994,Guachené,Colombia,54,Cagliari
Colombia,,2 DF,Gustavo Puerta,23 July 2003,La Victoria,Colombia,6,Racing Santander
Colombia,,3 MF,Juan Portilla,12 September 1998,Cali,Colombia,10,Athletico Paranaense
Colombia,,3 MF,Jefferson Lerma,25 October 1994,El Cerrito,Colombia,65,Crystal Palace
Colombia,,2 DF,Johan Mojica,21 August 1992,Cali,Colombia,45,Mallorca
Colombia,,2 DF,Willer Ditta,23 January 1998,La Jagua de Ibirico,Colombia,5,Cruz Azul
Colombia,,4 FW,Cucho Hernández,20 April 1999,Pereira,Colombia,9,Real Betis
Colombia,,3 MF,Juan Fernando Quintero,18 January 1993,Medellín,Colombia,49,River Plate
Colombia,,4 FW,Jaminton Campaz,24 May 2000,Tumaco,Colombia,10,Rosario Central
Colombia,,2 DF,Deiver Machado,2 September 1993,Tadó,Colombia,15,Nantes
Colombia,,2 DF,Davinson Sánchez,12 June 1996,Caloto,Colombia,79,Galatasaray
Colombia,,1 GK,Álvaro Montero,29 March 1995,El Molino,Colombia,12,Vélez Sarsfield
Colombia,,4 FW,Luis Suárez,2 December 1997,Santa Marta,Colombia,12,Sporting CP
Colombia,,4 FW,Andrés Gómez,12 September 2002,Quibdó,Colombia,8,Vasco da Gama
DR Congo,,1 GK,Lionel Mpasi,1 August 1994,Meaux,France,29,Le Havre
DR Congo,,2 DF,Aaron Wan-Bissaka,26 November 1997,Croydon,United Kingdom,12,West Ham United
DR Congo,,2 DF,Steve Kapuadi,30 April 1998,Le Mans,France,4,Widzew Łódź
DR Congo,,2 DF,Axel Tuanzebe,14 November 1997,Bunia,Democratic Republic of the Congo,14,Burnley
DR Congo,,2 DF,Dylan Batubinsika,15 February 1996,Cergy-Pontoise,France,14,AEL
DR Congo,,3 MF,Ngal'ayel Mukau,3 November 2004,Antwerp,Belgium,14,Lille
DR Congo,,3 MF,Nathanaël Mbuku,16 March 2002,Villeneuve-Saint-Georges,France,19,Montpellier
DR Congo,,3 MF,Samuel Moutoussamy,12 August 1996,12th arrondissement of Paris,France,58,Atromitos
DR Congo,,4 FW,Brian Cipenga,11 March 1998,Kinshasa,Democratic Republic of the Congo,8,Castellón
DR Congo,,3 MF,Théo Bongonda,20 November 1995,Charleroi,Belgium,38,Spartak Moscow
DR Congo,,4 FW,Gaël Kakuta,21 June 1991,Lille,France,31,AEL
DR Congo,,2 DF,Joris Kayembe,8 August 1994,Brussels,Belgium,26,Genk
DR Congo,,4 FW,Meschak Elia,6 August 1997,Kinshasa,Democratic Republic of the Congo,69,Alanyaspor
DR Congo,,3 MF,Noah Sadiki,17 December 2004,Brussels-Capital Region,Belgium,20,Sunderland
DR Congo,,3 MF,Aaron Tshibola,2 January 1995,London Borough of Newham,United Kingdom,17,Kilmarnock
DR Congo,,1 GK,Timothy Fayulu,24 July 1999,Geneva,Switzerland,3,Noah
DR Congo,,4 FW,Cédric Bakambu,11 April 1991,Vitry-sur-Seine,France,70,Real Betis
DR Congo,,3 MF,Charles Pickel,15 May 1997,Solothurn,Switzerland,34,Espanyol
DR Congo,,4 FW,Fiston Mayele,24 June 1994,Mbuji-Mayi,Democratic Republic of the Congo,37,Pyramids
DR Congo,,4 FW,Yoane Wissa,3 September 1996,Épinay-sous-Sénart,France,38,Newcastle United
DR Congo,,1 GK,Matthieu Epolo,15 January 2005,Brussels,Belgium,1,Standard Liège
DR Congo,,2 DF,Chancel Mbemba,8 August 1994,Kisangani,Democratic Republic of the Congo,109,Lille
DR Congo,,4 FW,Simon Banza,13 August 1996,Creil,France,15,Al Jazira
DR Congo,,2 DF,Gédéon Kalulu,29 August 1997,8th arrondissement of Lyon,France,28,Aris Limassol
DR Congo,,3 MF,Edo Kayembe,3 June 1998,Kananga,Democratic Republic of the Congo,43,Watford
DR Congo,,2 DF,Arthur Masuaku,7 November 1993,Lille,France,45,Lens
Portugal,,1 GK,Diogo Costa,19 September 1999,Rothrist,Switzerland,43,Porto
Portugal,,2 DF,Nélson Semedo,16 November 1993,Lisbon,Portugal,50,Fenerbahçe
Portugal,,2 DF,Rúben Dias,14 May 1997,Amadora,Portugal,76,Manchester City
Portugal,,2 DF,Tomás Araújo,16 May 2002,Vila Nova de Famalicão,Portugal,5,Benfica
Portugal,,2 DF,Diogo Dalot,18 March 1999,Braga,Portugal,35,Manchester United
Portugal,,3 MF,Matheus Nunes,27 August 1998,Rio de Janeiro,Brazil,20,Manchester City
Portugal,,4 FW,Cristiano Ronaldo,5 February 1985,Funchal,Portugal,228,Al-Nassr
Portugal,,3 MF,Bruno Fernandes,8 September 1994,Maia,Portugal,89,Manchester United
Portugal,,4 FW,Gonçalo Ramos,20 June 2001,Olhão,Portugal,25,Paris Saint-Germain
Portugal,,3 MF,Bernardo Silva,10 August 1994,Lisbon,Portugal,109,Manchester City
Portugal,,4 FW,João Félix,10 November 1999,Viseu,Portugal,54,Al-Nassr
Portugal,,1 GK,José Sá,17 January 1993,Braga,Portugal,5,Wolverhampton Wanderers
Portugal,,2 DF,Renato Veiga,29 July 2003,Lisbon,Portugal,13,Villarreal
Portugal,,2 DF,Gonçalo Inácio,25 August 2001,Almada,Portugal,22,Sporting CP
Portugal,,3 MF,João Neves,27 September 2004,Tavira,Portugal,22,Paris Saint-Germain
Portugal,,4 FW,Francisco Trincão,29 December 1999,Viana do Castelo,Portugal,18,Sporting CP
Portugal,,4 FW,Rafael Leão,10 June 1999,Almada,Portugal,44,Milan
Portugal,,4 FW,Pedro Neto,9 March 2000,Viana do Castelo,Portugal,25,Chelsea
Portugal,,4 FW,Gonçalo Guedes,29 November 1996,Benavente,Portugal,34,Real Sociedad
Portugal,,2 DF,João Cancelo,27 May 1994,Barreiro,Portugal,68,Barcelona
Portugal,,3 MF,Rúben Neves,13 March 1997,Mozelos,Portugal,67,Al-Hilal
Portugal,,1 GK,Rui Silva,7 February 1994,Maia,Portugal,3,Sporting CP
Portugal,,3 MF,Vitinha,13 February 2000,Faro,Portugal,38,Paris Saint-Germain
Portugal,,2 DF,Samú Costa,27 November 2000,Aveiro,Portugal,6,Mallorca
Portugal,,2 DF,Nuno Mendes,19 June 2002,Sintra,Portugal,44,Paris Saint-Germain
Portugal,,4 FW,Francisco Conceição,14 December 2002,Coimbra,Portugal,17,Juventus
Uzbekistan,,1 GK,Utkir Yusupov,4 January 1991,Sayram,Kazakhstan,40,Navbahor Namangan
Uzbekistan,,2 DF,Abdukodir Khusanov,29 February 2004,Tashkent,Uzbekistan,27,Manchester City
Uzbekistan,,2 DF,Khojiakbar Alijonov,19 April 1997,Tashkent,Uzbekistan,40,Pakhtakor
Uzbekistan,,2 DF,Farrukh Sayfiev,17 January 1991,Samarkand,Uzbekistan,46,Neftchi Fergana
Uzbekistan,,2 DF,Rustam Ashurmatov,7 July 1996,Kokand,Uzbekistan,49,Esteghlal
Uzbekistan,,3 MF,Akmal Mozgovoy,2 April 1999,Qarshi,Uzbekistan,25,Pakhtakor
Uzbekistan,,3 MF,Otabek Shukurov,22 June 1996,Chirakchi,Uzbekistan,84,Baniyas
Uzbekistan,,3 MF,Jamshid Iskanderov,16 October 1993,Tashkent,Uzbekistan,38,Neftchi Fergana
Uzbekistan,,3 MF,Odiljon Hamrobekov,13 February 1996,Shorqorgon,Uzbekistan,72,Tractor
Uzbekistan,,3 MF,Ruslanbek Jiyanov,5 June 2001,Tashkent,Uzbekistan,5,Navbahor Namangan
Uzbekistan,,3 MF,Oston Urunov,19 December 2000,Navoiy,Uzbekistan,42,Persepolis
Uzbekistan,,1 GK,Abduvohid Nematov,20 March 2001,Jizzakh,Soviet Union,8,Nasaf
Uzbekistan,,2 DF,Sherzod Nasrullaev,23 July 1998,Koson,Uzbekistan,31,Nasaf
Uzbekistan,,4 FW,Eldor Shomurodov,29 June 1995,Jarkurghon,Uzbekistan,92,İstanbul Başakşehir
Uzbekistan,,2 DF,Umar Eshmurodov,30 November 1992,Koson,Uzbekistan,29,Nasaf
Uzbekistan,,1 GK,Botirali Ergashev,23 June 1995,Pap,Uzbekistan,2,Neftchi Fergana
Uzbekistan,,3 MF,Dostonbek Khamdamov,24 July 1996,Tashkent,Uzbekistan,34,Pakhtakor
Uzbekistan,,2 DF,Abdulla Abdullaev,1 September 1997,Ķürgontepa,Uzbekistan,17,Dibba
Uzbekistan,,3 MF,Azizjon Ganiev,22 February 1998,Jizzakh,Uzbekistan,19,Al Bataeh
Uzbekistan,,4 FW,Azizbek Amonov,30 October 1997,Zarafshon,Uzbekistan,12,Dinamo Samarqand
Uzbekistan,,4 FW,Igor Sergeev,30 April 1993,Tashkent,Uzbekistan,83,Persepolis
Uzbekistan,,3 MF,Abbosbek Fayzullaev,3 October 2003,Sirdaryo,Uzbekistan,32,İstanbul Başakşehir
Uzbekistan,,3 MF,Sherzod Esanov,1 February 2003,Navoiy,Uzbekistan,1,Bukhara
Uzbekistan,,2 DF,Bekhruz Karimov,7 August 2007,Kosonsoy,Soviet Union,2,Surkhon Termiz
Uzbekistan,,2 DF,Avazbek Ulmasaliev,27 March 2000,Tashkent Region,Uzbekistan,0,AGMK
Uzbekistan,,2 DF,Jakhongir Urozov,18 January 2004,Jizzakh,Soviet Union,4,Dinamo Samarqand
Croatia,,1 GK,Dominik Livaković,9 January 1995,Zadar,Croatia,75,Dinamo Zagreb
Croatia,,2 DF,Josip Stanišić,2 April 2000,Munich,Germany,31,Bayern Munich
Croatia,,2 DF,Marin Pongračić,11 September 1997,Landshut,Germany,20,Fiorentina
Croatia,,2 DF,Joško Gvardiol,23 January 2002,Zagreb,Croatia,48,Manchester City
Croatia,,2 DF,Duje Ćaleta-Car,17 September 1996,Šibenik,Croatia,38,Real Sociedad
Croatia,,2 DF,Josip Šutalo,28 February 2000,Čapljina,Bosnia and Herzegovina,33,Ajax
Croatia,,3 MF,Nikola Moro,12 March 1998,Solin,Croatia,10,Bologna
Croatia,,3 MF,Mateo Kovačić,6 May 1994,Linz,Austria,113,Manchester City
Croatia,,4 FW,Andrej Kramarić,19 June 1991,Zagreb,Croatia,116,TSG Hoffenheim
Croatia,,3 MF,Luka Modrić,9 September 1985,Zadar,Croatia,198,Milan
Croatia,,4 FW,Ante Budimir,22 July 1991,Zenica,Bosnia and Herzegovina,38,Osasuna
Croatia,,1 GK,Ivor Pandur,25 March 2000,Rijeka,Croatia,0,Hull City
Croatia,,3 MF,Nikola Vlašić,4 October 1997,Split,Croatia,63,Torino
Croatia,,4 FW,Ivan Perišić,2 February 1989,Split,Croatia,154,PSV Eindhoven
Croatia,,3 MF,Mario Pašalić,9 February 1995,Mainz,Germany,85,Atalanta
Croatia,,3 MF,Martin Baturina,16 February 2003,Split,Croatia,19,Como
Croatia,,3 MF,Petar Sučić,25 October 2003,Livno,Bosnia and Herzegovina,17,Inter Milan
Croatia,,2 DF,Kristijan Jakić,14 May 1997,Split,Croatia,17,FC Augsburg
Croatia,,3 MF,Toni Fruk,9 March 2001,Našice,Croatia,7,Rijeka
Croatia,,4 FW,Igor Matanović,31 March 2003,Hamburg,Germany,9,SC Freiburg
Croatia,,3 MF,Luka Sučić,8 September 2002,Linz,Austria,21,Real Sociedad
Croatia,,2 DF,Luka Vušković,24 February 2007,Split,Croatia,5,Hamburger SV
Croatia,,1 GK,Dominik Kotarski,10 February 2000,Zabok,Croatia,4,Copenhagen
Croatia,,4 FW,Marco Pašalić,14 September 2000,Karlsruhe,Germany,15,Orlando City SC
Croatia,,2 DF,Martin Erlić,24 January 1998,Zadar,Croatia,13,Midtjylland
Croatia,,4 FW,Petar Musa,4 March 1998,Zagreb,Croatia,11,FC Dallas
England,,1 GK,Jordan Pickford,7 March 1994,Washington,United Kingdom,84,Everton
England,,2 DF,Ezri Konsa,23 October 1997,London Borough of Newham,United Kingdom,20,Aston Villa
England,,2 DF,Nico O'Reilly,21 March 2005,Manchester,United Kingdom,5,Manchester City
England,,3 MF,Declan Rice,14 January 1999,Kingston upon Thames,United Kingdom,73,Arsenal
England,,2 DF,John Stones,28 May 1994,Barnsley,United Kingdom,89,Manchester City
England,,2 DF,Marc Guéhi,13 July 2000,Abidjan,Ivory Coast,29,Manchester City
England,,4 FW,Bukayo Saka,5 September 2001,Ealing,United Kingdom,49,Arsenal
England,,3 MF,Elliot Anderson,6 November 2002,Whitley Bay,United Kingdom,9,Nottingham Forest
England,,4 FW,Harry Kane,28 July 1993,Walthamstow,United Kingdom,114,Bayern Munich
England,,3 MF,Jude Bellingham,29 June 2003,Stourbridge,United Kingdom,48,Real Madrid
England,,4 FW,Marcus Rashford,31 October 1997,Manchester,United Kingdom,72,Barcelona
England,,2 DF,Trevoh Chalobah,5 July 1999,Freetown,Sierra Leone,1,Chelsea
England,,1 GK,Dean Henderson,12 March 1997,Whitehaven,United Kingdom,5,Crystal Palace
England,,3 MF,Jordan Henderson,17 June 1990,Sunderland,United Kingdom,90,Brentford
England,,2 DF,Dan Burn,9 May 1992,Blyth,United Kingdom,8,Newcastle United
England,,3 MF,Kobbie Mainoo,19 April 2005,Stockport,United Kingdom,14,Manchester United
England,,3 MF,Morgan Rogers,26 July 2002,Halesowen,United Kingdom,15,Aston Villa
England,,4 FW,Anthony Gordon,24 February 2001,Liverpool,United Kingdom,19,Newcastle United
England,,4 FW,Ollie Watkins,30 December 1995,Torquay,United Kingdom,22,Aston Villa
England,,4 FW,Noni Madueke,10 March 2002,Barnet,United Kingdom,11,Arsenal
England,,3 MF,Eberechi Eze,29 June 1998,Greenwich,United Kingdom,17,Arsenal
England,,4 FW,Ivan Toney,16 March 1996,Northampton,United Kingdom,8,Al-Ahli
England,,1 GK,James Trafford,10 October 2002,Cockermouth,United Kingdom,2,Manchester City
England,,2 DF,Reece James,8 December 1999,Redbridge,United Kingdom,24,Chelsea
England,,2 DF,Djed Spence,9 August 2000,London,United Kingdom,6,Tottenham Hotspur
England,,2 DF,Jarell Quansah,29 January 2003,Warrington,United Kingdom,3,Bayer Leverkusen
Ghana,,1 GK,Lawrence Ati-Zigi,29 November 1996,Tamale,Ghana,29,St. Gallen
Ghana,,2 DF,Alidu Seidu,4 June 2000,Accra,Ghana,24,Rennes
Ghana,,3 MF,Caleb Yirenkyi,15 January 2006,Bechem,Ghana,11,Nordsjælland
Ghana,,2 DF,Jonas Adjetey,13 December 2003,Accra,Ghana,10,VfL Wolfsburg
Ghana,,3 MF,Thomas Partey,13 June 1993,Odumase Krobo,Ghana,57,Villarreal
Ghana,,2 DF,Abdul Mumin,6 June 1998,Accra,Ghana,5,Rayo Vallecano
Ghana,,4 FW,Abdul Fatawu,8 March 2004,Tamale,Ghana,28,Leicester City
Ghana,,3 MF,Kwasi Sibo,24 June 1998,Wa,Ghana,8,Oviedo
Ghana,,4 FW,Jordan Ayew,11 September 1991,Marseille,France,120,Leicester City
Ghana,,4 FW,Brandon Thomas-Asante,29 December 1998,Milton Keynes,United Kingdom,8,Coventry City
Ghana,,3 MF,Antoine Semenyo,7 January 2000,London,United Kingdom,34,Manchester City
Ghana,,1 GK,Joseph Anang,8 June 2000,Teshie,Ghana,1,St Patrick's Athletic
Ghana,,4 FW,Christopher Bonsu Baah,14 December 2004,Accra,Ghana,9,Al-Qadsiah
Ghana,,2 DF,Gideon Mensah,18 July 1998,Accra,Ghana,40,Auxerre
Ghana,,3 MF,Elisha Owusu,7 November 1997,Montreuil,France,20,Auxerre
Ghana,,1 GK,Benjamin Asare,13 July 1992,,Ghana,11,Hearts of Oak
Ghana,,2 DF,Abdul Rahman Baba,2 July 1994,Tamale,Ghana,51,PAOK
Ghana,,2 DF,Jerome Opoku,14 October 1998,Mitcham,United Kingdom,11,İstanbul Başakşehir
Ghana,,4 FW,Iñaki Williams,15 June 1994,Bilbao,Spain,26,Athletic Bilbao
Ghana,,3 MF,Augustine Boakye,3 November 2000,Bompata,Ghana,0,Saint-Étienne
Ghana,,2 DF,Kojo Peprah Oppong,4 June 2004,Accra,Ghana,4,Nice
Ghana,,4 FW,Kamaldeen Sulemana,15 February 2002,Techiman,Ghana,28,Atalanta
Ghana,,2 DF,Derrick Luckassen,3 July 1995,Amsterdam,Netherlands,1,Pafos
Ghana,,4 FW,Ernest Nuamah,1 November 2003,Kumasi,Ghana,18,Lyon
Ghana,,4 FW,Prince Kwabena Adu,23 September 2003,Sunyani,Ghana,5,Viktoria Plzeň
Ghana,,2 DF,Marvin Senaya,28 January 2001,Saint-Maurice,France,2,Auxerre
Panama,,1 GK,Luis Mejía,16 March 1991,Panama City,Panama,56,Nacional
Panama,,2 DF,César Blackman,2 April 1998,Panama City,Panama,40,Slovan Bratislava
Panama,,2 DF,José Córdoba,3 June 2001,Panama City,Panama,32,Norwich City
Panama,,2 DF,Fidel Escobar,9 January 1995,Panama City,Panama,99,Saprissa
Panama,,2 DF,Edgardo Fariña,19 October 2001,Panama City,Panama,18,Pari Nizhny Novgorod
Panama,,3 MF,Cristian Martínez,6 February 1997,Panama City,Panama,66,Ironi Kiryat Shmona
Panama,,3 MF,José Luis Rodríguez,19 June 1998,Panama City,Panama,70,Juárez
Panama,,3 MF,Adalberto Carrasquilla,28 November 1998,Panama City,Panama,73,Pumas UNAM
Panama,,4 FW,Tomás Rodríguez,9 March 1999,Panama City,Panama,13,Saprissa
Panama,,3 MF,Ismael Díaz,12 May 1997,Panama City,Panama,57,León
Panama,,3 MF,Yoel Bárcenas,23 October 1993,Colón City,Panama,104,Mazatlán
Panama,,1 GK,César Samudio,23 February 1994,Panama City,Panama,5,Marathón
Panama,,2 DF,Jiovany Ramos,26 January 1997,Panama City,Panama,23,Puerto Cabello
Panama,,2 DF,Carlos Harvey,3 February 2000,Panama City,Panama,28,Minnesota United FC
Panama,,2 DF,Eric Davis,31 March 1991,Colón City,Panama,107,Plaza Amador
Panama,,2 DF,Andrés Andrade,16 October 1998,Panama City,Panama,50,LASK
Panama,,4 FW,José Fajardo,18 August 1993,Colón City,Panama,68,Universidad Católica
Panama,,4 FW,Cecilio Waterman,13 April 1991,Panama City,Panama,55,Universidad de Concepción
Panama,,3 MF,Alberto Quintero,18 December 1987,Panama City,Panama,141,Plaza Amador
Panama,,3 MF,Aníbal Godoy,10 February 1990,Panama City,Panama,159,San Diego FC
Panama,,3 MF,César Yanis,28 January 1996,Panama City,Panama,56,Cobresal
Panama,,1 GK,Orlando Mosquera,25 December 1994,Panama City,Panama,48,Al-Fayha
Panama,,2 DF,Michael Amir Murillo,11 February 1996,Panama City,Panama,94,Beşiktaş
Panama,,4 FW,Azarias Londoño,21 June 2001,Panama City,Panama,11,Universidad Católica
Panama,,2 DF,Roderick Miller,3 April 1992,Panama City,Panama,50,Turan Tovuz
Panama,,2 DF,Jorge Gutiérrez,1 September 1998,Panama City,Panama,18,Deportivo La Guaira
